order,family,genus,species,model,GHMI_estimate,GHMI_se,GHMI_tval,GHMI_pval,adj_r2,dev_exp,dev_exp_diff_comp_null,sample_size,model_weight_comp_null,spatial_pval,delta_AIC
Lepidoptera,Papilionidae,Papilio,Papilio glaucus,duration,-0.8668255723517583,9.926426991340962,-0.087325033781834,0.9304597499732,0.1998546637495483,0.2203600503420042,1.4128988775652385e-4,386,0.26911652250623513,0,1.9982191811027405
Lepidoptera,Papilionidae,Papilio,Papilio glaucus,onset,18.610143796090053,9.303989409799689,2.000232693352853,0.04619821303507301,0.167459031478167,0.19177586625013,0.00798330921198645,386,0.7016284327032758,0,0
Lepidoptera,Papilionidae,Papilio,Papilio glaucus,offset,18.49175438855819,4.426941727121509,4.177094601284015,3.661900802545367e-5,0.12832663694489999,0.1353253509172678,0.020656804039913684,386,0.9996861744516705,7.912003341381535e-7,0
Hymenoptera,Apidae,Bombus,Bombus impatiens,duration,41.90489509306189,11.288067415968051,3.712317932632419,2.4558092637311544e-4,0.09732533026534695,0.12320565539569298,0.035759766877513435,304,0.9953977161153821,0.11963212928336897,0
Hymenoptera,Apidae,Bombus,Bombus impatiens,onset,-6.883755486485369,10.778538503378606,-0.6386538846920303,0.5235422938655812,0.02778268807633677,0.050883164360077934,0.0012669344106480199,304,0.3182357502846208,0.27249697585716237,1.5237829239399616
Hymenoptera,Apidae,Bombus,Bombus impatiens,offset,35.28179636055858,6.715691864255282,5.253635377219776,2.85747319589077e-7,0.12298488953922926,0.1437735545104327,0.06708523176366112,304,0.9999749871207679,0.43987999364016683,0
Hymenoptera,Apidae,Xylocopa,Xylocopa virginica,duration,61.45497377090174,19.010001289341066,3.2327706261313947,0.0014198698288698452,0.20089506881114783,0.22653122148064944,0.04331786333337745,222,0.9932916206311536,7.731509913400103e-7,0
Hymenoptera,Apidae,Xylocopa,Xylocopa virginica,onset,-59.463779752797905,19.703822801939065,-3.0178803550215667,0.0028554291487831807,0.11058926996048224,0.14198968885612193,0.04283593847261136,222,0.9846349755074941,0.006335934171593338,0
Hymenoptera,Apidae,Xylocopa,Xylocopa virginica,offset,4.3088470874429765,12.61182445995269,0.34165136861246326,0.7329458569009264,0.14400914026326428,0.16446832094092964,-8.167274541408531e-4,222,0.27562611504646767,3.983399421758627e-6,1.9325247661154208
Lepidoptera,Nymphalidae,Danaus,Danaus plexippus,duration,-4.253084972359781,12.070435724165524,-0.3523555461916693,0.7249392715858612,0.28700748042681945,0.3243581908953558,0.002330584482493736,214,0.28067086997576657,0,1.8822726243406578
Lepidoptera,Nymphalidae,Danaus,Danaus plexippus,onset,27.848801946827997,11.978067597559622,2.3249828672282526,0.02106361089033564,0.1266454653518977,0.16977662622819784,0.035358490573217216,214,0.8679950247454357,0.006718389428949645,0
Lepidoptera,Nymphalidae,Danaus,Danaus plexippus,offset,23.9618785524906,6.074104955075664,3.9449233639710974,1.0936532016355273e-4,0.4575986130480726,0.4742428078694919,0.03577263073182363,214,0.9985766488339674,0,0
Hymenoptera,Apidae,Apis,Apis mellifera,duration,52.658773478277716,24.872025107335812,2.1171888196086783,0.03570698606668406,0.3121277140990657,0.35762725052551725,0.0071989304242289776,182,0.682794879747463,0,0
Hymenoptera,Apidae,Apis,Apis mellifera,onset,-60.469297187087726,20.26870444473147,-2.9833824530805555,0.003279040170501189,0.39206178790289326,0.43991725477216714,0.0092992999790657,182,0.8058860525915988,0,0
Hymenoptera,Apidae,Apis,Apis mellifera,offset,-14.746907966374646,18.642088082277322,-0.7910545160654107,0.4300051725511612,0.10483635783564382,0.15211288224147862,-0.0011709332647878157,182,0.283269696627087,0.040417542120221306,1.8566003769308281
Lepidoptera,Hesperiidae,Epargyreus,Epargyreus clarus,duration,13.627933304028764,12.13755817576707,1.122790359203984,0.2635493293304651,0.1355355759506498,0.154616655272112,0.007972027466767867,137,0.3948330714780544,1.0618303620524294e-4,0.8540825263194165
Lepidoptera,Hesperiidae,Epargyreus,Epargyreus clarus,onset,13.087737639592868,10.742726248052062,1.2182882945533513,0.22527116846860493,0.12393621796451693,0.14326468852385843,0.009554152061156979,137,0.42170748178390655,3.660710924058286e-5,0.631535849958027
Lepidoptera,Hesperiidae,Epargyreus,Epargyreus clarus,offset,25.013222015162306,7.367169369818027,3.395228310840388,9.118909576385185e-4,0.16250007785181808,0.20631269238740266,0.06587210905719573,137,0.9858542992955315,0.28620950744269763,0
Lepidoptera,Attevidae,Atteva,Atteva punctella,duration,-25.521297161176843,22.78988273718446,-1.1198520613507041,0.26557075241202993,-0.012994692932828622,0.01770757762946102,0.012831893165487817,100,0.3870564833317441,0.6183279774923112,0.919404310166442
Lepidoptera,Attevidae,Atteva,Atteva punctella,onset,8.735937999384111,18.09784302128061,0.48270603237699833,0.630440089820242,0.031033475891397266,0.09080643557220192,0.004014299539144048,100,0.2558188878911311,0.660212892698006,2.1356294210654596
Lepidoptera,Attevidae,Atteva,Atteva punctella,offset,-16.42334738101631,14.273825504949855,-1.1505918560739758,0.2528768157456097,0.09589197250976156,0.15834413924413088,0.006233449220711951,100,0.3690884965472962,0.16208548230334474,1.0722583225674498
Lepidoptera,Nymphalidae,Dione,Dione vanillae,duration,4.431321168444217,16.084880975016926,0.27549604969579544,0.7835505378690125,0.12928165174633954,0.18762605982146244,0.0025166762623509698,100,0.2358654340323369,0.05480263561562637,2.3509649189957145
Lepidoptera,Nymphalidae,Dione,Dione vanillae,onset,-7.176490240329055,13.2528223427754,-0.5415065602415793,0.589449308557527,0.15062419039330222,0.19956677601001163,-0.0017980766657674507,100,0.24929751785439228,0.01465223455338771,2.2047247539910586
Lepidoptera,Nymphalidae,Dione,Dione vanillae,offset,5.257242165928101,9.313198047488772,0.5644937581184235,0.5738715502694995,0.22501529966039835,0.31935987375073227,0.013443806330659891,100,0.31319664311465584,0.026500470378015617,1.5704335413915942
Lepidoptera,Papilionidae,Battus,Battus philenor,duration,32.574545834773005,15.056519583171461,2.1634844397360786,0.03316651680782876,0.12888116497535873,0.19568963075388324,0.04388415987192762,98,0.845753829453801,0.21139939006941427,0
Lepidoptera,Papilionidae,Battus,Battus philenor,onset,15.027693468094483,16.2985346421633,0.922027274109586,0.35902870525307906,0.1277048100972925,0.20654393224550355,0.013660133687815545,98,0.36258945054065445,0.28978903293143277,1.128285497294769
Lepidoptera,Papilionidae,Battus,Battus philenor,offset,49.432439684139155,11.676064352763348,4.233655981215973,5.7128195984461643e-5,0.3493289070000828,0.4202084798231278,0.1820227569485694,98,0.9995344983575563,0.025918901436935926,0
Lepidoptera,Nymphalidae,Phyciodes,Phyciodes tharos,duration,17.00980567436796,20.374238785462904,0.8348682791773562,0.40600259224379487,0.3112905772220743,0.3335116773400706,0.005162755429806487,94,0.3199413112635967,0,1.508083049477932
Lepidoptera,Nymphalidae,Phyciodes,Phyciodes tharos,onset,22.465385126082975,21.094560595603983,1.0649847397515673,0.289731722852439,0.2310114240501815,0.2558242340296185,0.009376609913570477,94,0.3711132577981932,1.948365650816797e-6,1.0548877745824257
Lepidoptera,Nymphalidae,Phyciodes,Phyciodes tharos,offset,39.47522232912834,14.427419419483126,2.7361249563328056,0.007489321694046133,0.0687528511474591,0.09879989709561311,0.07494029046548158,94,0.933460192359903,0.6322561140978366,0
Lepidoptera,Nymphalidae,Junonia,Junonia coenia,duration,11.626014452174312,24.913600426250806,0.4666533240183256,0.6420007243319117,0.15203392174507047,0.18237274344085821,-2.69750998792867e-4,85,0.29354986405268224,3.646490813790093e-4,1.756410202507368
Lepidoptera,Nymphalidae,Junonia,Junonia coenia,onset,-6.199441772891373,24.788586111602317,-0.25009259281592183,0.8031493167262649,0.1984659381970585,0.22753221515618507,-0.0015858592850374054,85,0.274524991462509,4.0851350294413e-5,1.9435686482404435
Lepidoptera,Nymphalidae,Junonia,Junonia coenia,offset,5.323996830628404,11.832656751158108,0.44994095092865116,0.6539548795319501,-0.007533311358128625,0.028454642746780195,0.0024259161194189784,85,0.2643832900732172,0.37077651464884076,2.046618603925708
Lepidoptera,Lycaenidae,Elkalyce,Elkalyce comyntas,duration,0.4196747678575506,28.11840841605119,0.01492526752040426,0.9881423592585836,0.38032656208244053,0.4722443581122205,-8.377953387616044e-4,70,0.1965389673408764,6.762258934501775e-4,2.816135936545038
Lepidoptera,Lycaenidae,Elkalyce,Elkalyce comyntas,onset,-6.554538581499455,26.363639595258334,-0.24862039847784634,0.80449827822670406,0.32786369440863383,0.4119355154317659,6.882444383672914e-4,70,0.21276054351347398,0.0019079931443301001,2.616730285191011
Lepidoptera,Lycaenidae,Elkalyce,Elkalyce comyntas,offset,-0.8694451109869767,16.411182022799593,-0.05297882320597511,0.9579120130977027,0.022971733659050142,0.08381295904558922,6.277169347214812e-4,70,0.22816360969364,0.4070746731691962,2.4374192798429704
Lepidoptera,Hesperiidae,Hylephila,Hylephila phyleus,duration,8.449291319844743,21.036630705276643,0.4016466057810958,0.6893034569532004,0.28796563348321635,0.32036165002463945,0.001750705244941142,67,0.2526918099163336,6.417215401788301e-6,2.1686141337532945
Lepidoptera,Hesperiidae,Hylephila,Hylephila phyleus,onset,-52.780645963092915,22.35653495092652,-2.360859859497392,0.021339901176706363,0.3886282742210748,0.41644228757936375,-0.07884812045941914,67,0.9669111520605136,0,0
Lepidoptera,Hesperiidae,Hylephila,Hylephila phyleus,offset,-44.333237368679505,14.766128668184002,-3.0023602235163094,0.0038377774553526047,0.13455718887601398,0.17389823413359484,0.11820113398883961,67,0.9647872805116005,0.018672190921251386,0
Lepidoptera,Pieridae,Pieris,Pieris rapae,duration,45.18373000956706,31.10966287536291,1.4524017888136618,0.15143227954486782,0.132301750159466,0.17236365439670479,0.028152824615956973,66,0.48308150338282085,0.0189826429510786,0.13539966364976408
Lepidoptera,Pieridae,Pieris,Pieris rapae,onset,-6.47656323692745,28.547058978469053,-0.22687322157467238,0.8212687223907671,0.12691774345537177,0.16722309535993934,6.93678646682433e-4,66,0.24138093034053498,0.004785847797260212,2.2902469149271383
Lepidoptera,Pieridae,Pieris,Pieris rapae,offset,38.708126841423145,16.289498911213485,2.3762625880883887,0.020591785220183064,0.05411357237948944,0.0977931195576549,0.08218619604747468,66,0.8460008856105743,0.7472930629820342,0
Hymenoptera,Apidae,Bombus,Bombus griseocollis,duration,33.470854040903156,28.805609781580934,1.1619561014224842,0.24996011617221245,0.10322275161875494,0.16515273681146628,0.03225083311150964,64,0.29241870231926725,0.07049487170887037,1.7673316880964194
Hymenoptera,Apidae,Bombus,Bombus griseocollis,onset,-37.888469794138025,14.644234399172085,-2.5872619053598362,0.012251193255224325,0.43046899721426224,0.485042707748442,0.04502388902023585,64,0.8655890993964995,1.0390560069128973e-5,0
Hymenoptera,Apidae,Bombus,Bombus griseocollis,offset,-5.3660535298105385,20.75509674908125,-0.25854148475834365,0.7968951558011403,0.04168034187786873,0.10877596742375577,-0.004135619727310927,64,0.25006900192861403,0.42273457284839666,2.1964886244655872
Lepidoptera,Erebidae,Pyrrharctia,Pyrrharctia isabella,duration,97.15050787975144,45.0877197064495,2.154699960704704,0.03550125312437679,0.06488245314408703,0.1124756857023526,-0.007123949118724535,60,0.9324716158379922,0.22858807907800027,0
Lepidoptera,Erebidae,Pyrrharctia,Pyrrharctia isabella,onset,-24.867521450879607,45.30678222299981,-0.5488697327583708,0.585276747904917,-0.002577899312629084,0.048404489549085133,0.005118068816898691,60,0.26292145349710333,0.26469621274859295,2.061678261663019
Lepidoptera,Erebidae,Pyrrharctia,Pyrrharctia isabella,offset,72.2891037387398,27.609498203822522,2.618269379801021,0.011346841745942741,0.08179261951375572,0.128506475603458,0.05972914673987206,60,0.9616298258395343,0.6319829028955465,0
Lepidoptera,Hesperiidae,Lon,Lon zabulon,duration,5.776307517074561,27.09744191557086,0.2131680006943885,0.8320297601170297,0.3919858421553635,0.45507646015890013,0.0031051870532291526,59,0.20761765566958987,7.272620606901814e-5,2.6786916781275067
Lepidoptera,Hesperiidae,Lon,Lon zabulon,onset,-7.144057913463293,29.10219175016878,-0.2454817827740366,0.8069971482715619,0.3520575227887056,0.38558818055930627,6.75743108787541e-4,59,0.2380092581137783,1.9474483125558884e-06,2.327249666609191
Lepidoptera,Hesperiidae,Lon,Lon zabulon,offset,-6.5828867393809585,13.019876850407684,-0.505602842101754,0.6151559669656644,-0.012608669656717586,0.03981751444052976,0.0028714937272229027,59,0.2687894384178349,0.40093785432766355,2.0015462958716057
Lepidoptera,Papilionidae,Papilio,Papilio troilus,duration,-40.39513978345981,20.163687722983873,-2.003360711513838,0.05044649847024866,0.15903378119599199,0.23133671753540758,0.03179335944123002,57,0.6501759688541991,0.1435420612963622,0
Lepidoptera,Papilionidae,Papilio,Papilio troilus,onset,45.37942167568155,17.41432545904768,2.605867323566328,0.01203985198444296,0.2636458550019831,0.34206110291604197,0.041683935332614,57,0.8725904096939582,0.09783528657670232,0
Lepidoptera,Papilionidae,Papilio,Papilio troilus,offset,8.015380025786238,8.90349719125561,0.9002507501949213,0.37205935557648684,0.007378956349431198,0.06056915642538961,0.014327338529818885,57,0.31661212292605484,0.4106256692553608,1.5387703253752534
Hymenoptera,Apidae,Bombus,Bombus bimaculatus,duration,-3.3121032682187463,28.62347355224323,-0.11571283485819896,0.9083345667522233,0.05731725226117912,0.10971065499977055,2.257022270256981e-4,55,0.23064293714368253,0.05720947619021871,2.409368789496739
Hymenoptera,Apidae,Bombus,Bombus bimaculatus,onset,-30.40454710688668,19.223943495182603,-1.5815978191210283,0.12068993902874865,0.5461914944514479,0.6187958405606433,-0.002119445048589852,55,0.4732476330669269,3.163844469933341e-5,0.2142235150127476
Hymenoptera,Apidae,Bombus,Bombus bimaculatus,offset,-47.61242682094077,20.013466978627402,-2.3790194308555632,0.02113963840364853,0.13794982238438713,0.18585440333105255,0.09027549451736847,55,0.8434755693204032,0.06228274120019506,0
Lepidoptera,Nymphalidae,Speyeria,Speyeria cybele,duration,32.83385795213844,22.447160693975935,1.4627176416547838,0.1499463255321037,0.26809543811629044,0.32510235567126117,-0.043180486157457454,54,0.7160956441578762,0.0020275027391326583,0
Lepidoptera,Nymphalidae,Speyeria,Speyeria cybele,onset,-11.178248456831327,19.027748913857103,-0.5874708830475833,0.5595314246352261,0.18319272817834276,0.22945963931690216,0.0053366205743814454,54,0.2626761730340025,0.0015344374362496471,2.064210377398126
Lepidoptera,Nymphalidae,Speyeria,Speyeria cybele,offset,19.392936538810492,16.393303597848174,1.1829791611591978,0.24270156501835335,0.18632707138758353,0.27036916837978076,0.008245251681795296,54,0.33224961140874015,0.10621580977333317,1.3960558118267272
Lepidoptera,Papilionidae,Papilio,Papilio polyxenes,duration,14.743007942980283,37.28427434519865,0.39542161412292154,0.694248088770282,-0.04364256927571564,0.016571562386352413,0.003134286746251132,53,0.2429167903528771,0.7311542553537813,2.2735084190048838
Lepidoptera,Papilionidae,Papilio,Papilio polyxenes,onset,4.235434973291758,36.72139936715879,0.11533969419149243,0.9086472532417753,-0.047604779066249714,0.012837831984064012,2.678458444458527e-4,53,0.22892617152152459,0.7356267340936772,2.428769138578218
Lepidoptera,Papilionidae,Papilio,Papilio polyxenes,offset,20.402041899909563,20.12165184852176,1.0139347432059063,0.3157678012210343,0.1590741670075898,0.23436799256391924,0.017973750282118423,53,0.31285093685078125,0.05862873063174645,1.5736488172106533
Lepidoptera,Crambidae,Udea,Udea rubigalis,duration,25.35418480663973,41.619593244027115,0.6091886736610128,0.5463056530978756,0.4142597321578072,0.5197935073828531,0.0036672234094583533,44,0.1789616352861698,0.004830157915307998,3.046796765502279
Lepidoptera,Crambidae,Udea,Udea rubigalis,onset,-23.65581181562469,23.50642465138396,-1.0063551631716112,0.32206806602770494,0.8449663565734006,0.8886968464257549,-0.0040460231306123084,44,0.22430225720739463,0,2.4815368655573025
Lepidoptera,Crambidae,Udea,Udea rubigalis,offset,-6.084018921775959,36.44114503178735,-0.16695465843537333,0.8683625764818188,0.39969930419029776,0.509329152642794,-0.0036347538668281,44,0.14061072324835328,0.005346010325716299,3.6204534988535215
Hymenoptera,Apidae,Bombus,Bombus pensylvanicus,duration,-46.14741742440743,28.261734146122183,-1.6328586627349388,0.11422340122991577,0.4396804281717347,0.6058098097936264,0.005436311091567281,39,0.310738639276115,0.03954336732991398,1.5933367236517597
Hymenoptera,Apidae,Bombus,Bombus pensylvanicus,onset,59.7124937279349,21.178853237438997,2.81943942188418,0.008902404509677015,0.5497121684861069,0.680151013190903,0.04272663408260846,39,0.9523476062269357,0.008297214174959378,0
Hymenoptera,Apidae,Bombus,Bombus pensylvanicus,offset,13.202182183059055,20.366249228941033,0.6482382708102369,0.5220340299549884,0.2714401779336174,0.45508782444385715,0.0030143981127540576,39,0.16209064387942526,0.21077728631302595,3.285508437674764
Lepidoptera,Geometridae,Costaconvexa,Costaconvexa centrostrigaria,duration,-36.45600739578644,70.72288073713496,-0.5154768444923402,0.6097795986955693,0.2848268807228307,0.40057358089448614,0.0018294235798160252,39,0.17963947453330262,0.044218074349339664,3.037583971463107
Lepidoptera,Geometridae,Costaconvexa,Costaconvexa centrostrigaria,onset,17.331519927868055,30.485911885275687,0.5685091524599912,0.5736197727526073,0.6624877358273544,0.7130231657411239,0.0027691519100317974,39,0.19695813362607292,0,2.8108313271034717
Lepidoptera,Geometridae,Costaconvexa,Costaconvexa centrostrigaria,offset,-21.123245006794253,53.743293275603776,-0.3930396467978068,0.6968181418897406,0.11202860399432368,0.2289522015499791,-0.0031745451007244296,39,0.20985406897123868,0.2836931201993722,2.6516105434561155
Lepidoptera,Geometridae,Scopula,Scopula limboundata,duration,64.88971291833474,34.51996280434498,1.879773546863937,0.06922075809799719,0.40803011118460975,0.4987891848016282,0.050032477054092805,39,0.4408458390691579,0.006465159342983862,0.475459943829037
Lepidoptera,Geometridae,Scopula,Scopula limboundata,onset,-0.5007897345068023,32.74883262967689,-0.015291834679108171,0.9878861963674621,0.24482751802114855,0.30445431487427554,4.771959982108331e-6,39,0.21069339871392345,0.0017466126935059,2.641501700180868
Lepidoptera,Geometridae,Scopula,Scopula limboundata,offset,67.63757924204785,21.950084338961158,3.0814268500094957,0.0045110779253803805,0.4663227023950258,0.5965467344199417,0.18812305550997765,39,0.8470449370962256,0.08883255276159835,0
Hymenoptera,Vespidae,Vespula,Vespula maculifrons,duration,165.20972501797615,81.21179839081289,2.034306939281689,0.050273660539394825,0.28310614013147095,0.3959315389057537,0.1702637212659037,39,0.21464469014400442,0.2767503973526567,2.5943043646188926
Hymenoptera,Vespidae,Vespula,Vespula maculifrons,onset,-116.6110246580671,82.29347867643038,-1.417014161189732,0.16664850732193445,0.2969037385971278,0.4376482419180961,0.10710192865696122,39,0.12426129963659213,0.2004909417781932,3.905362311185172
Hymenoptera,Vespidae,Vespula,Vespula maculifrons,offset,51.45683971709697,39.683883768125654,1.2966684414701222,0.2032294945061159,-0.027837281788341217,0.05332934799655398,0.04545215542250078,39,0.40003601400325683,0.9969356902947117,0.8106301040253925
Lepidoptera,Pieridae,Phoebis,Phoebis sennae,duration,-10.777694474047038,45.23057796662847,-0.23828336843272085,0.8138231271165106,0.5820486610846889,0.7319520577645843,0.00495283579721828,36,0.09021092365233592,0.004239598225663499,4.622124527764754
Lepidoptera,Pieridae,Phoebis,Phoebis sennae,onset,26.604204477432923,38.771255694122466,0.6861837204170302,0.5002121554892731,0.6780491099901236,0.8096004771722719,0.01150413695772623,36,0.08286174461700009,5.82371220504585e-4,4.808169477393903
Lepidoptera,Pieridae,Phoebis,Phoebis sennae,offset,15.175754938662376,16.004812725969852,0.948199469653136,0.35070529464610734,0.2327462319900988,0.35110194762016145,0.01876872286735609,36,0.26442491053060224,0.09168601325154441,2.046190618126275
Coleoptera,Coccinellidae,Coccinella,Coccinella septempunctata,duration,99.77398843982645,49.20670592028696,2.027650227216116,0.051266447165961286,0.3196610857156883,0.3797077597862949,0.08228647410320616,35,0.6922419166205512,0.004039900519766659,0
Coleoptera,Coccinellidae,Coccinella,Coccinella septempunctata,onset,-14.862520800011959,31.08125318085588,-0.47818280406937863,0.6358752028688287,0.05714349063941937,0.14034324656770492,0.006341082722062602,35,0.22456140335642927,0.11668605178516905,2.478559238065884
Coleoptera,Coccinellidae,Coccinella,Coccinella septempunctata,offset,84.91121980653477,45.40970246996017,1.8698915691576266,0.07096925967576978,0.2899099660902873,0.3525787600765039,0.07303166148918133,35,0.6229442970690284,0.005587289237808435,0
Lepidoptera,Nymphalidae,Euptoieta,Euptoieta claudia,duration,-40.17356075959304,32.946492095489454,-1.2193577587306481,0.23252924302552863,0.28709621865830615,0.373230421593354,0.07159094141246913,34,0.1471449668419592,0.010897847468923916,3.5143426276355285
Lepidoptera,Nymphalidae,Euptoieta,Euptoieta claudia,onset,28.808140817141066,27.391796321163117,1.0517068862286942,0.3016004278890679,0.30077637368523036,0.3841941470751943,0.04986300846848929,34,0.179112481980248,0.007906905771295658,3.0447441891264475
Lepidoptera,Nymphalidae,Euptoieta,Euptoieta claudia,offset,-8.863617801746589,21.676661702686495,-0.4089014223370048,0.6855165413288439,-0.07327437957979788,0.024313248127559615,0.005448246503060496,34,0.21624544794199452,0.7084007190061405,2.575363608735074
Diptera,Syrphidae,Toxomerus,Toxomerus marginatus,duration,-25.76368995737076,72.67015561700637,-0.3545291700371907,0.7255987628216825,0.08842310276816057,0.17668301613579543,0.003704629891363387,32,0.20721656777948444,0.06794588010750136,2.6835712349569008
Diptera,Syrphidae,Toxomerus,Toxomerus marginatus,onset,-5.646215245721257,42.97612273456423,-0.13138028482918956,0.8966419451316252,0.4307917606215027,0.5867790092687473,7.087426157300625e-4,32,0.09512360011981186,0.03624305689832763,4.505242519597289
Diptera,Syrphidae,Toxomerus,Toxomerus marginatus,offset,-36.1434409747982,65.91349393288135,-0.5483466103557261,0.5878338975969309,-0.01592036069294922,0.08959415409449734,0.024053361951896265,32,0.16464933594926298,0.41435721229472605,3.2480672358627203
Lepidoptera,Pieridae,Abaeis,Abaeis nicippe,duration,-57.13896672133129,36.88688071969863,-1.549032219762011,0.13476754342693567,0.29916063010355687,0.4522609479672748,-0.03701043806844789,31,0.7351028900848591,0.20542758043011522,0
Lepidoptera,Pieridae,Abaeis,Abaeis nicippe,onset,48.57991069587182,37.57686241459485,1.2928144494843026,0.2097461887283509,0.434202163695086,0.5930118614513096,-0.06759358404144344,31,0.43333905658951355,0.09153067755491728,0.5364813585055686
Lepidoptera,Pieridae,Abaeis,Abaeis nicippe,offset,11.403735484627353,24.444359505114896,0.46651807269653195,0.6446489787597823,-0.0756530473066428,0.047762901730273276,-0.01606389953401887,31,0.2701300145454368,0.9387342362945872,1.9879260754248662
Lepidoptera,Geometridae,Prochoerodes,Prochoerodes lineola,duration,-13.014322470258884,32.782965273001466,-0.3969842984574943,0.6944997476832915,0.2424455958128363,0.3182046473226797,0.003979157723688231,31,0.20742393115465182,0.006933392432186047,2.6810476229143205
Lepidoptera,Geometridae,Prochoerodes,Prochoerodes lineola,onset,5.395502251736769,20.636156990938233,0.2614586744085174,0.7957230254012335,0.5792923967690329,0.6213666055363286,9.599006517034825e-4,31,0.19912628264662913,3.888337859025981e-6,2.783528137555038
Lepidoptera,Geometridae,Prochoerodes,Prochoerodes lineola,offset,-7.619693162597583,30.950459751314064,-0.2461899830833393,0.8073972300104029,-0.049352889495302366,0.05560216459720797,0.002084771859415663,31,0.19859149118117986,0.46787741578837744,2.7902418177951063
Diptera,Syrphidae,Toxomerus,Toxomerus geminatus,duration,78.14795551500725,53.88085630220651,1.4503844385228704,0.1584708059124364,0.22802090020099808,0.3052600613260983,0.0422731801706458,31,0.5170137425239101,0.010075248574284212,0
Diptera,Syrphidae,Toxomerus,Toxomerus geminatus,onset,-0.7647890500513759,39.03260141960729,-0.019593596691897624,0.9845116536516145,0.26628256471236644,0.33965928258430467,5.942602523012486e-6,31,0.19303918601273035,0.004142402848615112,2.8607638096464143
Diptera,Syrphidae,Toxomerus,Toxomerus geminatus,offset,72.14051549314712,51.651655784156404,1.3966738219314832,0.1748190481129465,0.1033298026362871,0.254638425610372,0.0584817929844495,31,0.3268652106712274,0.6624480728260631,1.4447954095486466
Lepidoptera,Nymphalidae,Vanessa,Vanessa atalanta,duration,31.510356329968296,27.900570726365224,1.1293803499220871,0.2720830587209544,0.6825809031011909,0.7807795695768152,0.002065641329618839,30,0.13353478976672611,3.403616992467273e-4,3.740119834391521
Lepidoptera,Nymphalidae,Vanessa,Vanessa atalanta,onset,-16.21990891546759,20.720536808640908,-0.7827938564170568,0.44257363324990295,0.47172954920672927,0.6212634704151623,-0.005683960213764716,30,0.09388235217086803,0.029261966135889383,4.53425345196041
Lepidoptera,Nymphalidae,Vanessa,Vanessa atalanta,offset,18.521832868261168,21.425656462274265,0.864469795867115,0.3967113140087881,0.5890346475671935,0.6900225815796651,-0.005813112151376476,30,0.14656711808384723,9.074492456407346e-4,3.5235668660772603
Lepidoptera,Geometridae,Pleuroprucha,Pleuroprucha insulsaria,duration,-85.17217252529416,53.35929584235667,-1.5962012088188837,0.12300921994254249,0.06092150265465346,0.16156481424312152,-0.0949925510938524,29,0.9303809636975005,0.23304319729892042,0
Lepidoptera,Geometridae,Pleuroprucha,Pleuroprucha insulsaria,onset,2.114914874007545,29.66405873077239,0.07129553286022898,0.9438348911451513,0.5439121795768024,0.6567599166258291,-0.006168203912222725,29,0.1108817652891802,0.0035852714460514745,4.163531536125902
Lepidoptera,Geometridae,Pleuroprucha,Pleuroprucha insulsaria,offset,-46.03227776335461,47.13516682877796,-0.9766015665239993,0.34010379897126886,0.33397017721798117,0.5103119734718314,0.007719325710607294,29,0.11062467016915374,0.14765690797791087,4.168752435798126
Lepidoptera,Nymphalidae,Vanessa,Vanessa virginiensis,duration,32.145860909604366,64.11214739600807,0.5014004711314025,0.6208101130369975,0.10281023791258226,0.2559998158492812,0.004966561077404896,29,0.1873301346381007,0.4488248148088212,2.934904942438834
Lepidoptera,Nymphalidae,Vanessa,Vanessa virginiensis,onset,68.93826591480175,44.93109300024239,1.534310903908566,0.13819195195351267,0.08131541040124723,0.22216876695719348,-0.030122013173729617,29,0.6823516457348779,0.5919826398114922,0
Lepidoptera,Nymphalidae,Vanessa,Vanessa virginiensis,offset,108.06185300428926,63.99476423304234,1.6886045960068372,0.10395068546478839,0.06002250960003708,0.17527790616002192,-0.08338554677535576,29,0.9056532196252229,0.876589605305542,0
Lepidoptera,Lycaenidae,Calycopis,Calycopis cecrops,duration,-17.51638061734318,60.53812942172274,-0.289344596284434,0.7751827999129145,0.18346752687557144,0.3469382187199729,-0.009896137515792824,27,0.14918956966855992,0.25820424150781146,3.4819431315050338
Lepidoptera,Lycaenidae,Calycopis,Calycopis cecrops,onset,75.43798731922209,67.92368573788785,1.1106285900080766,0.2793046272163512,0.16960875199939085,0.33043501006667797,0.026141792070028202,27,0.2500281206968128,0.33517144847733443,2.196924634482457
Lepidoptera,Lycaenidae,Calycopis,Calycopis cecrops,offset,57.96064792855345,28.119512279184054,2.061225221586073,0.05076213090811582,0.05702669895363399,0.16583319899876636,0.15408951635922932,27,0.6832998351110817,0.3112512163548754,0
Coleoptera,Elateridae,Alaus,Alaus oculatus,duration,-0.7819295736941029,58.47336542466832,-0.013372405846923051,0.989451211385244,-0.06743268805701064,0.060662972781302914,6.5166257494087e-6,26,0.17546229920356188,0.648305865590439,3.0947973322516873
Coleoptera,Elateridae,Alaus,Alaus oculatus,onset,-26.19778775054917,39.80619127776713,-0.6581334940522524,0.5172808126525577,0.0353816693414396,0.1511441642866988,0.016716300101395992,26,0.21510704015276716,0.6281054068636556,2.5888231723817796
Coleoptera,Elateridae,Alaus,Alaus oculatus,offset,-26.979808464448755,38.11927544562267,-0.7077733810270235,0.4865172956919006,-0.10147413353125323,0.03070698946977483,0.022071275286121732,26,0.22183038163983074,0.886993357975744,2.510062951402375
Lepidoptera,Hesperiidae,Lerema,Lerema accius,duration,-87.83320792600458,45.37530557915282,-1.9357050449564037,0.07102944226621356,0.6369191812124897,0.7708216452486583,-0.014016082512336214,26,0.950560813235711,0.006592191931057645,0
Lepidoptera,Hesperiidae,Lerema,Lerema accius,onset,94.43878899912735,48.12378632967996,1.962413937094617,0.06908632969094786,0.6765339831930123,0.8113259627821131,0.008242138886017547,26,0.4452290646144267,0.005448155761793139,0.4399327956918455
Lepidoptera,Hesperiidae,Lerema,Lerema accius,offset,4.762823936681246,18.445909260930446,0.2582048881032499,0.7986489659126227,-0.11451602372818503,0.019231338853603053,0.002970170028100131,26,0.18120280416677081,0.8781224538712747,3.0164391200614205
Lepidoptera,Papilionidae,Protographium,Protographium marcellus,duration,-42.57958177313564,28.239696982880425,-1.507791737246628,0.14796040701374427,0.5539218464574218,0.6589775374079356,0.03782496634079402,26,0.3620289479265426,0.0035157530735323572,1.1331374682265505
Lepidoptera,Papilionidae,Protographium,Protographium marcellus,onset,80.60929774441509,27.44002974586418,2.9376534388256155,0.007831784907454531,0.552682046485756,0.6220651840123251,-0.13825145050346144,26,0.9999856585173319,9.379194436939242e-4,0
Lepidoptera,Papilionidae,Protographium,Protographium marcellus,offset,34.74689925907729,37.8685762282263,0.9175655046987958,0.36993932000877106,0.4732951319529205,0.584778667436301,-0.028512983865906172,26,0.43737191817361926,0.049420427835009495,0.5036698094161238
Lepidoptera,Hesperiidae,Urbanus,Urbanus proteus,duration,0.06272782468259176,24.090882996112047,0.002603799316642533,0.9979543089780596,0.5476119624724913,0.7072539276161496,0.40902789360317493,26,6.22857720073323e-6,0.02014120388794577,23.97271280269041
Lepidoptera,Hesperiidae,Urbanus,Urbanus proteus,onset,-27.760159556990107,27.645008585734757,-1.0041653440221672,0.33280511352871633,0.6815574727997626,0.8264990401059159,0.03962467291888738,26,0.007015438949564515,0.005653260547684724,9.905203663095563
Lepidoptera,Hesperiidae,Urbanus,Urbanus proteus,offset,-18.771979625203567,16.034214980735857,-1.1707451626261074,0.2542268504676358,-0.06740990057712382,0.06068219859743374,0.05852100572293595,26,0.3182321622955943,0.9545580800182378,1.5238159988915356
Coleoptera,Cerambycidae,Tetraopes,Tetraopes tetrophthalmus,duration,4.346116144328255,18.22336736061723,0.23849138626929656,0.8167523566481304,0.8645859508182501,0.9483409964953977,-7.030372563416876e-4,25,4.695666590079297e-5,7.909618920934891e-4,19.932476851803983
Coleoptera,Cerambycidae,Tetraopes,Tetraopes tetrophthalmus,onset,-32.094579404587584,13.076802012659952,-2.454314087918138,0.03465192284404075,0.885784051758342,0.9537510722006669,0.018618225861775195,25,0.7623589648005533,2.9858195188359193e-4,0
Coleoptera,Cerambycidae,Tetraopes,Tetraopes tetrophthalmus,offset,-25.939621036330276,10.834883503381064,-2.3940839814508132,0.02627803829643534,0.3677856305417543,0.4577911558205718,0.17421378927217696,25,0.6366411928843865,0.015449115227346544,0
Coleoptera,Cantharidae,Chauliognathus,Chauliognathus pensylvanicus,duration,-11.202712635622325,22.450800090791518,-0.4989894609687991,0.6235150574121745,0.02428806685314011,0.15735963829204735,-0.005912977157728233,23,0.24476428289930907,0.1984503790155075,2.253468543596881
Coleoptera,Cantharidae,Chauliognathus,Chauliognathus pensylvanicus,onset,11.947136875817286,14.697761409623645,0.8128541852635236,0.4263706232305292,0.06423768002769004,0.19186515495357115,0.028134772321488394,23,0.22067505249423947,0.15538044179648125,2.5234736485232645
Coleoptera,Cantharidae,Chauliognathus,Chauliognathus pensylvanicus,offset,12.925868761360253,13.945083776027078,0.9269122343733099,0.3680987783893831,0.3251251049927776,0.5217086932017903,0.0682391084445319,23,0.05728935971476804,0.18980127402339358,5.6012889464507225
Lepidoptera,Erebidae,Cisseps,Cisseps fulvicollis,duration,90.95217440725477,66.58073703478335,1.366043370167849,0.18972593806349783,0.02408881977628574,0.1704840048407496,0.09106037143784543,21,0.34150185456413246,0.7378534057503039,1.3132171903903043
Lepidoptera,Erebidae,Cisseps,Cisseps fulvicollis,onset,-86.34215211092658,75.72860192684541,-1.1401524643797591,0.2700327532380894,0.01871315064846002,0.16593110448316323,0.06342529922840008,21,0.27507182664834745,0.605984915379844,1.9380806546651002
Lepidoptera,Erebidae,Cisseps,Cisseps fulvicollis,offset,14.085556016594015,42.104260108643835,0.33453992494460927,0.7424294911523057,0.10133480115773474,0.2993167925930679,0.007957884557212525,21,0.09750552580950175,0.3869515900375942,4.450507032081191
Lepidoptera,Sphingidae,Darapsa,Darapsa myron,duration,-0.14925764181178652,41.222254356329536,-0.003620802504433349,0.9971531754144936,0.27705382566515657,0.38551217924107856,-3.955588580406566e-6,21,0.1480521140208794,0.01603109719369472,3.4999220494417784
Lepidoptera,Sphingidae,Darapsa,Darapsa myron,onset,9.364954683965104,41.885046109854414,0.22358706874532447,0.8259907438184242,0.38249316998108884,0.5200940383391776,0.0018422008575641469,21,0.10916745149145876,0.0410611531062417,4.1985470352278185
Lepidoptera,Sphingidae,Darapsa,Darapsa myron,offset,10.850931147154494,20.74893860687801,0.5229631911657181,0.6080021940294796,0.06736332226697139,0.23617880200936728,0.006573117828221231,21,0.16252774664668415,0.7740434927054698,3.2790787940742234
Hymenoptera,Eumenidae,Polistes,Polistes fuscatus,duration,52.956489126375324,65.28927031942834,0.811105544100665,0.4320262520793774,0.3052592798708784,0.5522053018728559,0.14570761698447887,21,0.001359209529583907,0.31929288730325334,13.198983684734372
Hymenoptera,Eumenidae,Polistes,Polistes fuscatus,onset,-16.33217648528959,58.97341370765743,-0.27694134455657143,0.7884819569579415,0.7396282398196348,0.890029904036532,-0.01580948031850027,21,2.954888026689888e-4,0.016731666536312695,16.253168164394253
Hymenoptera,Eumenidae,Polistes,Polistes fuscatus,offset,9.178043836831051,37.25563725584641,0.24635315653849862,0.8083589344981778,0.10873974151940446,0.24244178357820834,0.0027190036481845037,21,0.15276045390022694,0.09481810652444145,3.426224876207698
Hymenoptera,Scoliidae,Scolia,Scolia dubia,duration,25.26813234614518,35.340320467451114,0.7149944316271114,0.4858925686296409,0.26077695926686184,0.46052105731341964,-0.5155278891600469,21,1,0.23323290870472713,0
Hymenoptera,Scoliidae,Scolia,Scolia dubia,onset,6.419818794574677,18.928281010288007,0.3391654419693654,0.7395616204284199,0.3724396196949069,0.5644479452902869,5.970806306999643e-4,21,0.04263007624915603,0.13780905047851216,6.223259685111174
Hymenoptera,Scoliidae,Scolia,Scolia dubia,offset,32.43998574630046,25.324777553721095,1.2809583688340784,0.21812973275113895,0.041925549679220575,0.21896400297573462,0.07949540412577702,21,0.25727258257914715,0.6735737479369341,2.1203859088879824
Coleoptera,Cantharidae,Chauliognathus,Chauliognathus marginatus,duration,-33.89869990884561,14.47304161309826,-2.342195981677197,0.03773070850476492,0.6101509538605028,0.7598459640239071,0.2573278186041369,20,4.450201447851634e-4,0.021790550924860708,15.433891776893745
Coleoptera,Cantharidae,Chauliognathus,Chauliognathus marginatus,onset,10.718785879061056,16.380622410859964,0.6543576678719335,0.5251791664851342,0.596681189910375,0.7443171003683104,0.004436986149710553,20,0.03402330389079733,0.01817560314188904,6.692188022854225
Coleoptera,Cantharidae,Chauliognathus,Chauliognathus marginatus,offset,-26.661888997211502,10.022233606912499,-2.6602741507464325,0.024576402637141878,0.7570560087083039,0.8765735290972102,0.13450784554642425,20,0.011655730218469173,0.005571540572074596,8.880466329832615
Lepidoptera,Nymphalidae,Chlosyne,Chlosyne nycteis,duration,-9.728889004725618,38.65293869151957,-0.2516985599043244,0.8044784524676489,0.12953503612789774,0.2669821251281501,0.002902732929559393,20,0.14552967824215,0.08476469762205868,3.540203460525447
Lepidoptera,Nymphalidae,Chlosyne,Chlosyne nycteis,onset,39.70169476779615,36.06578879296249,1.1008131555282419,0.28726412297150516,-0.030409786634753466,0.13229312865046994,0.06571810499453282,20,0.25359129606424985,0.7266614377112612,2.159098820451618
Lepidoptera,Nymphalidae,Chlosyne,Chlosyne nycteis,offset,29.972798302418322,21.057013148468794,1.4234116724478494,0.1738245772287881,0.36080633887147406,0.4617341605980671,0.06815882757909292,20,0.3504615208229628,0.01985377662593346,1.234022323772507
Lepidoptera,Sphingidae,Hemaris,Hemaris diffinis,duration,13.844547152337388,62.88639032565931,0.22015172250534543,0.8285374110479479,0.13410429170613913,0.27082902641179507,0.0022085690639498945,20,0.14439277852476787,0.10814404993145571,3.5585484048552587
Lepidoptera,Sphingidae,Hemaris,Hemaris diffinis,onset,37.70659286980878,49.03793420079669,0.76892702525785,0.4531384397658075,-0.02131935218804304,0.13994748372355403,0.03177899833229071,20,0.19053461676729921,0.37206205544208965,2.893080231368259
Lepidoptera,Sphingidae,Hemaris,Hemaris diffinis,offset,50.607871823455994,38.63274687725122,1.3099734270579733,0.20908125444763684,0.26229954416551304,0.39148440275945906,0.032307662237294754,20,0.45566313691520127,0.2658987793128918,0.3556289742828369
Lepidoptera,Noctuidae,Marimatha,Marimatha nigrofimbria,duration,51.532816071521694,51.9099338547451,0.9927351519214288,0.3393793385662851,0.3023831970500207,0.5337427286520656,0.11592000670756275,20,0.0028184082942524836,0.2731927514897502,11.73752120112448
Lepidoptera,Noctuidae,Marimatha,Marimatha nigrofimbria,onset,28.215263208458015,48.91293503812315,0.5768466600188028,0.572070759235368,-0.041898847082642465,0.12264972823206512,-0.11284541452580542,20,0.7113073201728839,0.3699319289926135,0
Lepidoptera,Noctuidae,Marimatha,Marimatha nigrofimbria,offset,56.969843670944925,24.50960280235537,2.3243886949269585,0.035189677567725584,0.24421725545816908,0.4268888706982725,0.3231067923200758,20,0.09159092578385306,0.34965646706336495,4.588725192266338
Lepidoptera,Lycaenidae,Strymon,Strymon melinus,duration,-82.01901548551393,51.53605218752987,-1.591488133143423,0.13311359050309612,0.18198380214133214,0.37727672983732746,0.09249883077976834,20,0.3205402751046154,0.6825026580067183,1.5025800566774876
Lepidoptera,Lycaenidae,Strymon,Strymon melinus,onset,80.97251436587486,35.245702289404704,2.297372703798165,0.03633857025562526,0.3269391983559782,0.4662581185877587,0.18886742329925044,20,0.6223237587733557,0.7237007857102605,0
Lepidoptera,Lycaenidae,Strymon,Strymon melinus,offset,-2.1822620962701946,32.76154291841985,-0.06661047990640391,0.9477439445091791,-0.10980858574799779,0.0951905967218378,-0.004071968544423876,20,0.13141395123556107,0.8512804809197156,3.7770287680424133
