order,family,genus,species,model,pop_den_estimate,pop_den_se,pop_den_tval,pop_den_pval,adj_r2,dev_exp,dev_exp_diff_comp_null,sample_size,model_weight_comp_null,spatial_pval,delta_AIC
Lepidoptera,Papilionidae,Papilio,Papilio glaucus,duration,-8.331927382086742e-4,0.00335094520754915,-0.24864409490540837,0.8037727231094116,0.21628916895369565,0.23951033318737283,2.2177692950914318e-4,386,0.2634056791168493,0.0981655221827264,2.056683888380576
Lepidoptera,Papilionidae,Papilio,Papilio glaucus,onset,0.00804037213968548,0.00310903637259139,2.5861299695840514,0.010086293769278169,0.19943881361408566,0.22847874082419797,0.013737533849022737,386,0.8994675478891693,0.01653264549703043,0
Lepidoptera,Papilionidae,Papilio,Papilio glaucus,offset,0.007490492086918879,0.0015710979995237331,4.767679730474844,2.659199348635498e-6,0.14472723432917578,0.15583906802367195,0.03678765952413539,386,0.9999877498533936,0.3315874021644289,0
Hymenoptera,Apidae,Bombus,Bombus impatiens,duration,0.006787584704413923,0.003460882851041066,1.9612292575497474,0.05079268083945761,0.09806221195968079,0.12183912459769923,0.014871092942008196,304,0.6888991924432734,0.5076569398151944,0
Hymenoptera,Apidae,Bombus,Bombus impatiens,onset,-8.145380634684457e-4,0.0033499645243350177,-0.24314826546712015,0.808059850620202,0.035181414716750736,0.06245833374121535,4.124670040059619e-4,304,0.2616803066355132,0.18357422718937616,2.07450672923369
Hymenoptera,Apidae,Bombus,Bombus impatiens,offset,0.006050516423887413,0.0020570200643455225,2.941398836482663,0.003523644015831769,0.13502498178857114,0.14953818863490156,0.02158931258249977,304,0.9759816571396377,0.07457863830745187,0
Hymenoptera,Apidae,Xylocopa,Xylocopa virginica,duration,0.013539803062895142,0.004209698961071621,3.2163352268420753,0.001506739493370374,0.29749643363984435,0.3420313832519451,0.041530358873767714,222,0.9847164870005587,0.026399102422677068,0
Hymenoptera,Apidae,Xylocopa,Xylocopa virginica,onset,-0.011414865952299602,0.004438082288047597,-2.5720266573338444,0.01080323898096106,0.14967789267468767,0.19489604664382312,0.015841356702836207,222,0.8360575643609559,0.10523903006321278,0
Hymenoptera,Apidae,Xylocopa,Xylocopa virginica,offset,0.0020472993610587686,0.0028842590266486743,0.709818134274022,0.4785920974288411,0.14200451301460404,0.1718228332251719,0.0016156900732393065,222,0.3089341510013544,0.05602770472066715,1.6102139276345042
Lepidoptera,Nymphalidae,Danaus,Danaus plexippus,duration,-0.003019858451796384,0.003425922145649256,-0.8814731693863644,0.3791247886832725,0.29874678617545236,0.3445946046953193,0.005206659043475559,214,0.34611682080342215,0.090125668800427,1.272304719935164
Lepidoptera,Nymphalidae,Danaus,Danaus plexippus,onset,0.01108146304237023,0.0033886820667196594,3.2701394890956537,0.0012645945381611178,0.14184464738597702,0.1895413393116645,0.04914947865092931,214,0.9867918882680768,0.04552081674859443,0
Lepidoptera,Nymphalidae,Danaus,Danaus plexippus,offset,0.008177415816559064,0.001734873087922943,4.713552751198291,4.498987503116051e-6,0.4731285948738444,0.4945792621346823,0.05460563072359775,214,0.9999076811867719,0.0054364077487054074,0
Hymenoptera,Apidae,Apis,Apis mellifera,duration,0.013076121604685595,0.005632327804188577,2.3216194190546426,0.021446421310782986,0.29789535125401045,0.344256475551741,-0.003436622578628812,182,0.5705380056450506,0.043133692023134995,0
Hymenoptera,Apidae,Apis,Apis mellifera,onset,-0.006969754985012924,0.0046576579943184366,-1.4964076352353177,0.13645493258686714,0.37457713588479413,0.42900154491262554,-0.0017670191730592144,182,0.28163920723092667,6.772591563580233e-4,1.8726901898321557
Hymenoptera,Apidae,Apis,Apis mellifera,offset,0.004774180422594412,0.004103901877392018,1.1633271372531813,0.24633467972609763,0.16197770664015287,0.2165734951811696,0.006568703275874138,182,0.3857430158695134,0.035778368152942275,0.9304839915232606
Lepidoptera,Hesperiidae,Epargyreus,Epargyreus clarus,duration,0.0024811494366461105,0.004035263229573194,0.6148668117763756,0.5397145356227764,0.1574987911304837,0.19248514100725672,0.0034338716094418076,137,0.28049876700692805,0.502252170452324,1.8839778215010483
Lepidoptera,Hesperiidae,Epargyreus,Epargyreus clarus,onset,5.894736044550167e-4,0.003644957853576471,0.16172302345735465,0.8717731427994999,0.104854759039534,0.13777920921805034,1.7380708124581368e-4,137,0.25020036720482713,0.6226616340825673,2.1950878977754655
Lepidoptera,Hesperiidae,Epargyreus,Epargyreus clarus,offset,0.005132992925657716,0.002473043063198785,2.075577656548523,0.03997870786990216,0.16487298473083123,0.23067114588431667,0.0575906312019569,137,0.7413817806590481,0.333889386415632,0
Lepidoptera,Attevidae,Atteva,Atteva punctella,duration,-0.007693715615917667,0.0054389674338711546,-1.414554455319051,0.16079309172447703,0.14743993739562122,0.25598069019087266,0.011028462499818786,100,0.4340614144422836,0.6340298389914112,0.5305990684271364
Lepidoptera,Attevidae,Atteva,Atteva punctella,onset,0.005552150293007275,0.004236825624170346,1.3104505083554143,0.19343734465684737,0.17924740078396617,0.2669612895601794,0.009305748543934345,100,0.3850476049215192,0.48108441832455223,0.9363557652867485
Lepidoptera,Attevidae,Atteva,Atteva punctella,offset,-7.608517907558519e-4,0.0034061657575984567,-0.2233748575090768,0.8237604131370355,0.2002251644965748,0.28760448609645045,2.2564652979095712e-4,100,0.2102177063656542,0.4164684726685896,2.6472272782139044
Lepidoptera,Nymphalidae,Dione,Dione vanillae,duration,0.002694871785819932,0.005343789069953017,0.5042998049778236,0.6152661462601852,0.11133590904276758,0.18082304656855863,0.0019580046496536774,100,0.24129775994025296,0.07900220408541186,2.2911554110937686
Lepidoptera,Nymphalidae,Dione,Dione vanillae,onset,-0.0024203374431613447,0.0044073175908918225,-0.5491633841326121,0.5842251997001904,0.1354828723957231,0.1974551231990669,-0.0050160111123237205,100,0.24949697403161675,0.05298617158493324,2.2025937920274146
Lepidoptera,Nymphalidae,Dione,Dione vanillae,offset,0.003985916227502002,0.003046467066506967,1.3083733191549627,0.19428605331803755,0.2351942765245706,0.3456611891155074,0.03465633664866041,100,0.5811025688058536,0.01752099662014439,0
Lepidoptera,Papilionidae,Battus,Battus philenor,duration,0.008455191253739324,0.01001736992904693,0.8440530112821506,0.40091842216953366,0.19260839448467737,0.264280291220615,0.009652247630894895,98,0.3006886914368758,0.5141367884924726,1.6880410480257524
Lepidoptera,Papilionidae,Battus,Battus philenor,onset,0.025607345779569225,0.010318762845201475,2.481629451487722,0.015022584637185313,0.26373477615792107,0.34687499860933857,0.02324092002375472,98,0.8595304385360457,0.19995257557132967,0
Lepidoptera,Papilionidae,Battus,Battus philenor,offset,0.03630468761516724,0.00752187682678313,4.826546412711415,5.499635116837651e-6,0.2796838985139335,0.31682004237723105,0.12606411458370648,98,0.9999897481552701,0.5769308525200554,0
Lepidoptera,Nymphalidae,Phyciodes,Phyciodes tharos,duration,-0.0019685273666927927,0.005942280223238478,-0.33127474517180655,0.7412391510441589,0.3602438866664077,0.40567576895780666,-0.001280377756499529,94,0.2580461942547189,0.17915484336559373,2.1122967368559102
Lepidoptera,Nymphalidae,Phyciodes,Phyciodes tharos,onset,0.006675037859873847,0.006062541270932743,1.1010296774189001,0.27399272885131043,0.3338723254183388,0.3913327200466423,0.003934748204957428,94,0.343889857462772,0.1551704065734299,1.2920145014992386
Lepidoptera,Nymphalidae,Phyciodes,Phyciodes tharos,offset,0.006353371960184091,0.0044178410306252225,1.4381169254713875,0.1539751456593655,0.05995198055590523,0.11733305375823978,0.01441430679234261,94,0.475593606046889,0.6927674862150406,0.19540644790811257
Lepidoptera,Nymphalidae,Junonia,Junonia coenia,duration,-0.004074082952069095,0.006635365029097747,-0.6139953015701797,0.5410179932033509,0.1904546580313522,0.2536729206083178,0.004247178458251899,85,0.2662105515067238,0.2067558192579555,2.0278691797172996
Lepidoptera,Nymphalidae,Junonia,Junonia coenia,onset,0.006132334764002129,0.006601990384185475,0.9288615110212265,0.3558309595640001,0.2273304925207048,0.2836383828996789,0.008246079903188208,85,0.3195336920558909,0.10777236622116165,1.511831178855573
Lepidoptera,Nymphalidae,Junonia,Junonia coenia,offset,0.0023151388796580916,0.003215737785335877,0.7199401923301655,0.47368649095204907,-0.02007976537128875,0.04064643521566559,0.006292775596148215,85,0.28690138204092003,0.4668624473025336,1.8209623696602648
Lepidoptera,Lycaenidae,Elkalyce,Elkalyce comyntas,duration,-0.0037005598398427205,0.008584897453645077,-0.43105463516882114,0.6680521222444413,0.4903591742238156,0.5783822280129532,0.009631976314520174,70,0.16417489377506223,0.6906528156895022,3.2549742061285087
Lepidoptera,Lycaenidae,Elkalyce,Elkalyce comyntas,onset,0.006149688775263724,0.007592734155340887,0.8099439081424845,0.4211095722241729,0.48188339216750675,0.5403045682964633,0.00452300556016072,70,0.2556526917493188,0.992877921565593,2.1373757751271114
Lepidoptera,Lycaenidae,Elkalyce,Elkalyce comyntas,offset,0.005007907801432568,0.005684890857645126,0.880915381989763,0.3817410893322085,0.02194349322521616,0.11471412327261293,4.5293461387906075e-4,70,0.33525751223969963,0.544403966399988,1.3690015988504456
Lepidoptera,Hesperiidae,Hylephila,Hylephila phyleus,duration,-0.0015897372117561035,0.004722047062369776,-0.3366627207985276,0.7375585795312986,0.3529352000996926,0.41806309289360055,0.0031703838117165817,67,0.229951156437398,0.01673386136393401,2.4171740459577222
Lepidoptera,Hesperiidae,Hylephila,Hylephila phyleus,onset,0.0025681812901242615,0.005563163241546799,0.4616404693906117,0.6461912186739684,0.4715539674970156,0.5670979885186103,0.037098955115292376,67,0.16740019996436334,0.1020681729320897,3.208331484014707
Lepidoptera,Hesperiidae,Hylephila,Hylephila phyleus,offset,-0.004853280445013204,0.0035605522936503877,-1.3630695590872706,0.17794124888863325,0.03545073406371513,0.12089639838999505,-0.06296885990640289,67,0.7505157047858063,0.3382028965395877,0
Lepidoptera,Pieridae,Pieris,Pieris rapae,duration,-0.0019349365150652569,0.006482457443708356,-0.2984881168704374,0.7663865717365765,0.29030767580618044,0.36021024271391505,0.0012594691884100229,66,0.21935748390330112,0.5871939093134121,2.5388291472108904
Lepidoptera,Pieridae,Pieris,Pieris rapae,onset,0.008513157910670447,0.00576162160047372,1.4775628288345934,0.1448836270784999,0.3306430761058168,0.39700975321374327,0.02463647069483199,66,0.46734450277677525,0.2595194213501887,0.2616163790031578
Lepidoptera,Pieridae,Pieris,Pieris rapae,offset,0.006553518680489277,0.0037837632152005296,1.7320107807385505,0.08841021916898555,0.011817990582680182,0.08783961288562833,0.04560893984291266,66,0.5880457107718736,0.5632242897817431,0
Hymenoptera,Apidae,Bombus,Bombus griseocollis,duration,0.0056578635193252555,0.007414111430091431,0.7631209178165107,0.44854737851928006,0.09695145820790352,0.18533517661879842,0.012832822255611415,64,0.27175947177358273,0.9349464961484847,1.9714280188337625
Hymenoptera,Apidae,Bombus,Bombus griseocollis,onset,-0.009160975928973119,0.003800389750481537,-2.4105359003803115,0.01918802660214967,0.4066956535239906,0.4649287814133368,0.07861826324082155,64,0.5787283961173072,0.5875351511048155,0
Hymenoptera,Apidae,Bombus,Bombus griseocollis,offset,-0.002561238803913518,0.0052732756937887825,-0.485701668685807,0.6290518293779788,0.0667443437831039,0.16071067583251572,0.0014259939464264515,64,0.2323509171089135,0.3811316906137008,2.390167805566648
Lepidoptera,Erebidae,Pyrrharctia,Pyrrharctia isabella,duration,0.016305624967002576,0.015465821669717071,1.0543005936069911,0.2965473312042558,0.07454742698416672,0.17202053215847943,0.03598407620194974,60,0.30684633834648845,0.5558466047982644,1.629809225750023
Lepidoptera,Erebidae,Pyrrharctia,Pyrrharctia isabella,onset,0.007614908279869328,0.0155025226759181,0.49120446001336704,0.625272405833517,-0.01158430761754814,0.07415410134705493,0.004134192358203059,60,0.2403799423900375,0.7753770757414578,2.3011952384332517
Lepidoptera,Erebidae,Pyrrharctia,Pyrrharctia isabella,offset,0.02122542499143371,0.009573760688169872,2.2170415245141433,0.030850883078254655,0.04848529789196543,0.12912726448228515,0.0596632533825235,60,0.8762314950305289,0.6580146670139041,0
Lepidoptera,Hesperiidae,Lon,Lon zabulon,duration,0.007641309899588331,0.00512753207033706,1.4902510203287773,0.14285708224163357,0.48685564038791074,0.5852902575950892,0.04272780568899526,59,0.2426872739529221,0.009616768877810211,2.2760052088376597
Lepidoptera,Hesperiidae,Lon,Lon zabulon,onset,-0.008712058490863487,0.005647638073349882,-1.5426021245897494,0.1293919233692302,0.4392945232820825,0.5285381006320196,0.05552047360407336,59,0.23387508335337692,0.1313547831743362,2.3731161840232744
Lepidoptera,Hesperiidae,Lon,Lon zabulon,offset,-0.0015330382687154926,0.0025675244937684756,-0.5970880793683805,0.5529909585311015,0.036344842931144705,0.11942518380140348,0.005917168791677654,59,0.2511959441983702,0.2707215689489607,2.184488105587775
Lepidoptera,Papilionidae,Papilio,Papilio troilus,duration,-0.020250245693510683,0.008137576842085362,-2.488485956750891,0.016232542260310234,0.19862459192464,0.29015525435769496,0.09123894658558848,57,0.8683154044120173,0.4028925714485133,0
Lepidoptera,Papilionidae,Papilio,Papilio troilus,onset,0.016539571496567318,0.0070079243372024765,2.360124153847503,0.022289133591373442,0.2799652141786978,0.3691042839395009,0.06283551685255867,57,0.904960224042373,0.38168594711644077,0
Lepidoptera,Papilionidae,Papilio,Papilio troilus,offset,-0.00376652056941928,0.0035260314378927735,-1.0682039101926522,0.29057964291094096,0.1329861364896131,0.22901922579573852,0.01946997430548056,57,0.3207887753668927,0.8209749291293147,1.5002985504822277
Hymenoptera,Apidae,Bombus,Bombus bimaculatus,duration,-0.003072318866486759,0.0074992573793461,-0.40968308074721005,0.6838240305274783,0.04209476708970106,0.1308099304715278,0.0011302634634991482,55,0.24057832158223735,0.6666192120979675,2.2990229923336756
Hymenoptera,Apidae,Bombus,Bombus bimaculatus,onset,-0.002505052229859643,0.004668073943767516,-0.536635079057437,0.5941748955871126,0.5841057260449929,0.6549780573204166,0.00178091224917043,55,0.19598240874066614,0.47507643996842314,2.8231924894718077
Hymenoptera,Apidae,Bombus,Bombus bimaculatus,offset,-0.004634678062151344,0.005075122855690754,-0.9132149494577184,0.36560116451138736,0.17936145145545723,0.2553520142515747,0.012675164333049771,55,0.29885045397728777,0.32042320828175236,1.7055558046945976
Lepidoptera,Nymphalidae,Speyeria,Speyeria cybele,duration,0.005019350639044129,0.009329794753943453,0.5379915390874579,0.5932827623205694,0.3219674748445458,0.4347627623243018,0.002931386719604412,54,0.20439735084520044,0.10388262238764706,2.718067958251595
Lepidoptera,Nymphalidae,Speyeria,Speyeria cybele,onset,0.001666257911542959,0.0077355701769614375,0.21540208070317987,0.8304096009429731,0.29393025612974744,0.3894519339470603,-0.0010624349106320152,54,0.18852856162044593,0.01351980030252864,2.919199348621021
Lepidoptera,Nymphalidae,Speyeria,Speyeria cybele,offset,0.006245266746883469,0.006664637650354314,0.9370752131665329,0.3539282073637926,0.24654594946768782,0.3857280359692562,0.021705858087063046,54,0.20410112071000813,0.06651038595583397,2.7217131618423878
Lepidoptera,Papilionidae,Papilio,Papilio polyxenes,duration,0.002660885100027488,0.007476571829594725,0.35589641358019614,0.7235232921595822,-0.010610914771660207,0.09376688362043002,1.1462042201283718e-4,53,0.22281592122600385,0.7181464270223894,2.4986625334125847
Lepidoptera,Papilionidae,Papilio,Papilio polyxenes,onset,0.0017566187830791175,0.0074186103909890935,0.23678542078618509,0.8138522747546693,-0.03399161070787926,0.0654335190752049,0.0011147119490231422,53,0.21421682308158382,0.34300031796526775,2.5993844079532664
Lepidoptera,Papilionidae,Papilio,Papilio polyxenes,offset,0.004108633456618759,0.004046942996746385,1.0152437185109777,0.31530370419575887,0.14213913759773256,0.24164731486687863,0.01386272008365061,53,0.3036032107010922,0.7195078404432598,1.6603959531188934
Lepidoptera,Crambidae,Udea,Udea rubigalis,duration,-0.006739042521512972,0.01089137492717792,-0.6187503934601153,0.5402426440267634,0.4692616646990946,0.5842111921173274,0.013569439880197098,44,0.10275101803509651,0.06281608924983684,4.334049268397337
Lepidoptera,Crambidae,Udea,Udea rubigalis,onset,-0.0013805877777427749,0.005754101992037758,-0.23993105781808596,0.8119767220947159,0.871186692630113,0.907927443715747,-0.0031368926485734194,44,0.16634817666853252,0.05551613201832062,3.2234655911613004
Lepidoptera,Crambidae,Udea,Udea rubigalis,offset,-0.0100748864572189,0.009940081597749123,-1.0135617457607493,0.3176960650079613,0.4072888948863431,0.5139213822879024,0.030199018383479104,44,0.2245526594203247,4.950867190008923e-4,2.4786596673692998
Hymenoptera,Apidae,Bombus,Bombus pensylvanicus,duration,-0.006506091641386076,0.006644719989732247,-0.9791370669403094,0.33630721745036896,0.36862192668346627,0.5566694928191129,0.011571318633810779,39,0.13695566171514945,0.21418508385072244,3.6816176607127886
Hymenoptera,Apidae,Bombus,Bombus pensylvanicus,onset,0.008264356283193839,0.004799045373191456,1.7220833812825331,0.09702576642167585,0.5585027705245165,0.7002854996209489,0.008741746779871828,39,0.5718270037818971,0.04124748610222634,0
Hymenoptera,Apidae,Bombus,Bombus pensylvanicus,offset,0.00199212650918516,0.004846528012369037,0.41104198801718805,0.6843657939672314,0.26715659134181213,0.49186673057079844,-0.01350561064156297,39,0.09892579546100903,0.23746857152670642,4.418435167810912
Lepidoptera,Geometridae,Costaconvexa,Costaconvexa centrostrigaria,duration,-0.04893262971425765,0.019399634981062657,-2.52234795974379,0.020116787534356032,0.6837789329095252,0.8313029935252421,0.4199402878431012,39,3.70860880099066e-9,0.019432509204026116,38.825218026398545
Lepidoptera,Geometridae,Costaconvexa,Costaconvexa centrostrigaria,onset,0.024049501032368158,0.010449963616275995,2.3013956713601043,0.028114857321833085,0.6818493061100863,0.7353021725282921,0.02250366490549438,39,0.8868130820880064,0.07088830699788862,0
Lepidoptera,Geometridae,Costaconvexa,Costaconvexa centrostrigaria,offset,-0.01734966451085356,0.019541305652432037,-0.8878457161174533,0.3814351453713478,0.09471296321562661,0.2586675210494349,4.366396893424884e-4,39,0.28068279902718984,0.5626675477023542,1.88215445487009
Lepidoptera,Geometridae,Scopula,Scopula limboundata,duration,0.023700243244679033,0.017487456215473478,1.355271055587163,0.18516714094951148,0.37039198449270727,0.48860973037929784,0.015008617103742294,39,0.41080415539584136,0.4998485738175227,0.7212840771584297
Lepidoptera,Geometridae,Scopula,Scopula limboundata,onset,-0.005595027424490987,0.016558241924601244,-0.3378998476993038,0.7375788761699609,0.21913394584821322,0.32188357244122334,0.0023468501141196696,39,0.1936070449983698,0.5030401129117218,2.853481194574101
Lepidoptera,Geometridae,Scopula,Scopula limboundata,offset,0.01570684162255349,0.012232077903581372,1.28406978326673,0.20911898808151236,0.23355989665358956,0.4054632076800464,0.012866316531480515,39,0.3610432497186417,0.39635982338446685,1.141678024349119
Hymenoptera,Vespidae,Vespula,Vespula maculifrons,duration,0.01744167778262491,0.014919060317179617,1.1690868869630109,0.25139122811857834,0.2534806914296117,0.398575407187784,0.04427426365430248,39,0.19906847180445375,0.30184392543798316,2.7842532311008767
Hymenoptera,Vespidae,Vespula,Vespula maculifrons,onset,-0.009300269181575314,0.014842104202860897,-0.6266139257924517,0.5356860972785809,0.27006217257742626,0.4278857610311752,0.008337238889301934,39,0.15471767046963983,0.3463391791081768,3.396137428349732
Hymenoptera,Vespidae,Vespula,Vespula maculifrons,offset,0.0075526332179701025,0.0073302488794691955,1.0303378974107917,0.3105062937149457,-0.024778783812346328,0.1290496449446744,0.027609679775360413,39,0.27940271903075126,0.787283242093478,1.8948524931329302
Lepidoptera,Pieridae,Phoebis,Phoebis sennae,duration,-0.013892051735296767,0.009816060806283075,-1.4152369274653156,0.170159003778311,0.605685108384443,0.7361384133195326,0.01304971297203017,36,0.049443988058393104,0.004065659879374128,5.912413229215645
Lepidoptera,Pieridae,Phoebis,Phoebis sennae,onset,0.008982377360453212,0.008749456641520409,1.026621163859191,0.3161793892997926,0.6504660029934874,0.7884408671144871,9.414026020758692e-4,36,0.10988735833415252,0.002756059140217315,4.183784384801072
Lepidoptera,Pieridae,Phoebis,Phoebis sennae,offset,-0.0014401097616563677,0.00412280856273601,-0.34930308786898195,0.7293018361088874,0.226095929709897,0.3366563792323588,0.0026939770454570966,36,0.18566390584222517,0.018978011164950792,2.9568701830273767
Coleoptera,Coccinellidae,Coccinella,Coccinella septempunctata,duration,0.017224002214232793,0.014806184416967905,1.1632978307695578,0.2541916147002634,0.2633206313589044,0.3716637914911358,0.029322770108081486,35,0.31515676814379784,0.03548397169698808,1.5522395235867066
Coleoptera,Coccinellidae,Coccinella,Coccinella septempunctata,onset,-0.002632273457233057,0.008701789381233348,-0.30249795092833787,0.7644745126151408,0.12596578919368018,0.26910378725271245,1.5444345121456982e-4,35,0.1718475160080212,0.589474446328554,3.1451794961373025
Coleoptera,Coccinellidae,Coccinella,Coccinella septempunctata,offset,0.014937902358490004,0.013673020348243992,1.0925093342970458,0.28381567461220536,0.24074164055573632,0.36754125096527274,0.031043461380288018,35,0.2637212619587306,0.0367866036302974,2.0534320954833447
Lepidoptera,Nymphalidae,Euptoieta,Euptoieta claudia,duration,-0.010714602145303818,0.012140299613795345,-0.8825648860534324,0.385255319158345,0.23061258712917554,0.369967884952897,0.02473216409030715,34,0.1872609881385461,0.6650330996065581,2.935813474132601
Lepidoptera,Nymphalidae,Euptoieta,Euptoieta claudia,onset,0.012609920311859856,0.009707386773216996,1.2990025643823162,0.20537576031274368,0.33612276208380887,0.4783492581118869,0.028657361503689582,34,0.3036219588112916,0.5585151710457816,1.6602186089921815
Lepidoptera,Nymphalidae,Euptoieta,Euptoieta claudia,offset,0.0019301204204323012,0.008058877703591495,0.2395023837589854,0.8124606337412622,-0.12552460229551277,0.04501453116546633,0.0019572908913920925,34,0.17312186288394607,0.9423420278905117,3.12732314510572
Diptera,Syrphidae,Toxomerus,Toxomerus marginatus,duration,0.0380735897247564,0.016143558163396635,2.358438538728295,0.02858856414827796,0.4979113283654716,0.6745057097687888,0.48085579564055203,32,0.003665512051552842,0.028431377134062075,11.210229985940146
Diptera,Syrphidae,Toxomerus,Toxomerus marginatus,onset,-0.005370058138864469,0.008779661229639616,-0.6116475338177595,0.5479627317774194,0.5269630344408918,0.7077179275945259,0.023504517946008163,32,0.01703803039171826,0.17049557190385978,8.110245007859135
Diptera,Syrphidae,Toxomerus,Toxomerus marginatus,offset,0.025208516059769724,0.011895703571793514,2.119127793293612,0.04686687770062224,0.5502907023024151,0.7115760139338448,0.37634399105792565,32,0.5551524566933518,0.032067049171081,0
Lepidoptera,Pieridae,Abaeis,Abaeis nicippe,duration,-0.022132315437360547,0.014195785945090834,-1.559076441626278,0.1344091285881392,0.5144417925756533,0.6709296883944972,0.005343551570192506,31,0.586397714569278,0.28803929453584826,0
Lepidoptera,Pieridae,Abaeis,Abaeis nicippe,onset,0.025005683639152593,0.01623310270274757,1.5404130742621494,0.1393698690778882,0.45068274695549304,0.6392912438925619,-0.09786753094795375,31,0.9975835519225922,0.4208745640561778,0
Lepidoptera,Pieridae,Abaeis,Abaeis nicippe,offset,0.008023832489276737,0.010196707027234842,0.7869042885948888,0.43912891702589807,0.11094018272648898,0.29695819950289437,-0.0020058389288588607,31,0.23296337575536943,0.2830769438480131,2.383306589217568
Lepidoptera,Geometridae,Prochoerodes,Prochoerodes lineola,duration,-0.007901228094298652,0.017455837104512324,-0.45264103044684056,0.6547135860616782,0.2123528791920578,0.34408026202373865,-0.006604733666649876,31,0.23178492803976425,0.11565799896544765,2.3965196563306677
Lepidoptera,Geometridae,Prochoerodes,Prochoerodes lineola,onset,0.002164218666506858,0.010726382220732836,0.2017659469866436,0.8417325083052565,0.582202168614846,0.6518372778803533,5.671885562581469e-4,31,0.15981682370686282,0.5893661827168976,3.3191832550431855
Lepidoptera,Geometridae,Prochoerodes,Prochoerodes lineola,offset,-0.0027710146048435017,0.015768468657301114,-0.17573137031036093,0.8619473727265127,0.05441405020197421,0.22668836182502383,-0.0030453364192337684,31,0.1578571888498599,0.2197287476806974,3.3485177060983347
Diptera,Syrphidae,Toxomerus,Toxomerus geminatus,duration,0.030267650554192702,0.014059904721760297,2.152763560861684,0.04128798656282205,0.2736542007344106,0.4010196196926814,0.12370724564648905,31,0.5908616757928475,0.6358993724135238,0
Diptera,Syrphidae,Toxomerus,Toxomerus geminatus,onset,0.0023014922581835197,0.010801553370155143,0.21307048896713116,0.832999965266573,0.21947701349030102,0.3495733499391644,0.0011735540815615009,31,0.1602511948274494,0.7752791397554749,3.3127205077195754
Diptera,Syrphidae,Toxomerus,Toxomerus geminatus,offset,0.03131465299525309,0.013257587949446545,2.362017368065837,0.02697673681533163,0.16436126847156995,0.3566198777089058,0.1655231291640242,31,0.6569895250212165,0.7273015628023745,0
Lepidoptera,Nymphalidae,Vanessa,Vanessa atalanta,duration,0.007934087953982224,0.008524037823212594,0.9307898578741847,0.3638695559275371,0.7037977002029208,0.8097436222840412,0.0029316351983134092,30,0.10561102427370483,0.002001495652337648,4.2727560281658725
Lepidoptera,Nymphalidae,Vanessa,Vanessa atalanta,onset,-9.030701189705228e-4,0.006625213691931166,-0.13630807411848014,0.8929498119027899,0.45372204060056764,0.6258409279834953,-0.005662777823665088,30,0.08485387414942247,0.02122596227645951,4.756306206934312
Lepidoptera,Nymphalidae,Vanessa,Vanessa atalanta,offset,0.007841851405605988,0.006724927144103277,1.1660871913656463,0.2586339405985306,0.6910121840872627,0.8060919249400554,0.004987174940817796,30,0.2573059555224294,0.005654836827916787,2.1200366213149664
Lepidoptera,Geometridae,Pleuroprucha,Pleuroprucha insulsaria,duration,0.0029892821827971184,0.014169697628366526,0.2109630184918576,0.8349031795135862,0.01084908123436168,0.24059737421727967,0.019837554969590748,29,0.07843070964242656,0.5581346857888496,4.92772482401773
Lepidoptera,Geometridae,Pleuroprucha,Pleuroprucha insulsaria,onset,-0.009915028240792292,0.006402328883600021,-1.548659623873787,0.13679957904862128,0.6274781225203373,0.7278997622912936,0.05236156057935515,29,0.17909375039593378,0.001310672627307885,3.044998996949971
Lepidoptera,Geometridae,Pleuroprucha,Pleuroprucha insulsaria,offset,-0.004337466680342439,0.010515833090585985,-0.41247009561472014,0.6846338938884382,0.46389813264316015,0.6379656094527946,-0.01782037630945288,29,0.23168912487650278,0.804245065427698,2.3975958849003405
Lepidoptera,Nymphalidae,Vanessa,Vanessa virginiensis,duration,0.02433142511952177,0.023973030532325586,1.0149499074267194,0.32139411721592204,0.08404294209956331,0.29528803903893125,0.030162670198120745,29,0.19419912379100748,0.8193061670969668,2.845905232354255
Lepidoptera,Nymphalidae,Vanessa,Vanessa virginiensis,onset,0.013931135613062197,0.01677092463419276,0.8306718870263857,0.415860915144624,0.1477331280360462,0.3845901079708861,0.0020364820798584593,29,0.15504163255686632,0.5240428458881192,3.39118735770154
Lepidoptera,Nymphalidae,Vanessa,Vanessa virginiensis,offset,0.040330974457024285,0.02459142756556572,1.6400420166537202,0.11460373227435322,0.07148949100929125,0.23730992918404972,0.08837864127191175,29,0.46764943770669876,0.8899133401886338,0.2591665470164912
Lepidoptera,Lycaenidae,Calycopis,Calycopis cecrops,duration,-0.01566631701194998,0.023294784192556085,-0.6725246682884574,0.5094209140490699,0.1513668015579459,0.38553216914696,0.0021744371642410387,27,0.12526150058551586,0.6512677988702145,3.8870428541739557
Lepidoptera,Lycaenidae,Calycopis,Calycopis cecrops,onset,0.04473326230742984,0.0250936716539548,1.7826511370798068,0.09080321057859655,0.20846583579485967,0.42778263512767606,0.09418806355492804,27,0.3249753278822963,0.614378476700377,1.4619999525004914
Lepidoptera,Lycaenidae,Calycopis,Calycopis cecrops,offset,0.02903885907479357,0.010157033681216189,2.8589901329653267,0.009396585268677305,0.12688090183680278,0.2947903890069147,0.2744893328974418,27,0.9302651762535085,0.5723040039599564,0
Coleoptera,Elateridae,Alaus,Alaus oculatus,duration,-0.007706773574983894,0.01688051546278522,-0.4565484740068658,0.6529150505691548,-0.13968243647227818,0.08825926393523269,0.009483708737044655,26,0.14612922235469689,0.995082143132332,3.5305771064672626
Coleoptera,Elateridae,Alaus,Alaus oculatus,onset,0.00252320524816025,0.010237510316384054,0.24646668674141664,0.808115939606178,0.23838785643981975,0.45284914771446466,-0.004091049257553048,26,0.07920637303814507,0.232968804485029,4.906358345900799
Coleoptera,Elateridae,Alaus,Alaus oculatus,offset,-0.003868239045618135,0.011106118587807287,-0.3482980138412022,0.731255827712212,-0.19783991754198516,0.041731261412449885,0.005810545386664694,26,0.13922447878935712,0.7769773994942706,3.6434923318722667
Lepidoptera,Hesperiidae,Lerema,Lerema accius,duration,-0.015207917182870562,0.009858872073819205,-1.5425615698225814,0.14237783147674712,0.6990635703913821,0.806351731144397,0.01788467158234197,26,0.03262541855170414,0.8424316620666247,6.778988180382953
Lepidoptera,Hesperiidae,Lerema,Lerema accius,onset,0.01020518085952456,0.01105963777188889,0.9227409676530124,0.36996911517601894,0.6646370641882806,0.7872696197837667,0.0014639042924067258,26,0.030579930645531283,0.9080338290616428,6.912708187057831
Lepidoptera,Hesperiidae,Lerema,Lerema accius,offset,-0.003873420723389931,0.004351613135059642,-0.8901114605484899,0.3851504514902232,0.17588831792147108,0.40672900633404346,0.1014009183381176,26,0.13474809531041623,0.8541961135124176,3.719227218257032
Lepidoptera,Papilionidae,Protographium,Protographium marcellus,duration,-0.028907165271841437,0.01958139790876045,-1.476256465781167,0.15572045491540784,0.4987162744011978,0.6059660929520241,-0.027268973241750927,26,0.7887094616566865,0.05213509160675245,0
Lepidoptera,Papilionidae,Protographium,Protographium marcellus,onset,0.00883440688415658,0.021712565764212325,0.4068799136911708,0.6898722395494381,0.6434324131513529,0.7871617932857764,-0.015147069787815215,26,0.06326571762696769,0.10134425056649132,5.39011212374686
Lepidoptera,Papilionidae,Protographium,Protographium marcellus,offset,-0.001414527076874105,0.029664883762881154,-0.04768355366502611,0.9625379315842322,0.48325459571207874,0.6571864897172085,-0.005017486189525355,26,0.05571419554342179,0.4032440345558585,5.66038781533166
Lepidoptera,Hesperiidae,Urbanus,Urbanus proteus,duration,0.003392804825690149,0.0041839684063657056,0.8109059381347529,0.43067848363838024,0.7880508031704945,0.8784745669739885,0.00423522592839376,26,0.023138346405888063,0.07053104612206834,7.485707559884645
Lepidoptera,Hesperiidae,Urbanus,Urbanus proteus,onset,-0.004754301709436843,0.0038523153417666374,-1.2341413637380378,0.23984539248911713,0.8853148539854244,0.9426449217017682,0.006968653082845444,26,0.013829892849219939,0.1847366665478442,8.533992928494854
Lepidoptera,Hesperiidae,Urbanus,Urbanus proteus,offset,-0.002413540506405409,0.004150021548406336,-0.5815730058877021,0.5673521492456788,-0.2006435427898834,0.03949231460406628,0.016246881291277417,26,0.1567234912444128,0.7684994413968569,3.365623719035426
Coleoptera,Cerambycidae,Tetraopes,Tetraopes tetrophthalmus,duration,0.0036142123820372264,0.004951342651440915,0.7299459230488595,0.4902371146479759,0.902527900774486,0.9728876975305079,0.006026509475286046,25,9.595757712530614e-24,0.0014401860446244252,106.0014422719936
Coleoptera,Cerambycidae,Tetraopes,Tetraopes tetrophthalmus,onset,-0.0059526680177294415,0.0034847462776824924,-1.708207009460736,0.12792678568736832,0.921032916260067,0.9749717621939201,0.030019876189710137,25,1.1090267731415677e-24,9.232601002763796e-4,110.31711876416728
Coleoptera,Cerambycidae,Tetraopes,Tetraopes tetrophthalmus,offset,-0.004460111798135912,0.0033511213854876642,-1.3309311376934394,0.19945609096433473,0.35314260120074425,0.5036529142361482,0.031190752829218626,25,0.32413245373379673,0.29104250276853844,1.4696897585902775
Coleoptera,Cantharidae,Chauliognathus,Chauliognathus pensylvanicus,duration,-0.0013949217670618673,0.003959158235421536,-0.3523278646915077,0.7289226965860889,-0.07578366201453068,0.16876382140281715,0.005934524339929442,23,0.11700302058141518,0.6609549337266603,4.042244056762854
Coleoptera,Cantharidae,Chauliognathus,Chauliognathus pensylvanicus,onset,0.0013049863649573987,0.002392480814599501,0.5454532203535568,0.5927827290753116,0.12391063008159087,0.346817852274984,0.0070836035447761625,23,0.10852791472340509,0.8645263929298554,4.211733412563177
Coleoptera,Cantharidae,Chauliognathus,Chauliognathus pensylvanicus,offset,9.73773730704487e-4,0.002290106709040755,0.425208889550988,0.6772675789798431,0.30650065384777947,0.5668194803163933,0.011902535262986236,23,0.018016725318505986,0.21424168446561237,7.996547530967604
Hymenoptera,Eumenidae,Polistes,Polistes metricus,duration,0.018687440959796596,0.016626616498448498,1.123947314328228,0.279849627573574,0.5355161456800946,0.6888507687118378,0.0174354423240477,22,0.10381868602109512,0.12508808337252825,4.310993555706432
Hymenoptera,Eumenidae,Polistes,Polistes metricus,onset,-0.008814710609021942,0.013841600022809689,-0.6368274328470774,0.5351355320921907,0.6739945281734607,0.7952654753867021,-1.4262925420804873e-4,22,0.04063702051125931,0.04982515343382832,6.323180029565549
Hymenoptera,Eumenidae,Polistes,Polistes metricus,offset,0.012067537160708137,0.014272570508324922,0.8455055207938451,0.4119020958993822,0.4208867473981416,0.6098954536385703,0.01395073326951346,22,0.07015242698937983,0.32732534181818107,5.168700539271043
Lepidoptera,Erebidae,Cisseps,Cisseps fulvicollis,duration,-5.270676127505595e-4,0.023092752107394237,-0.022823941048663223,0.9820915704997715,-0.2064417821777622,0.09517752058353536,3.444459927799681e-5,21,0.09049285944183888,0.7926930578370339,4.6152638052209625
Lepidoptera,Erebidae,Cisseps,Cisseps fulvicollis,onset,-0.0034038104695027116,0.025886875971460714,-0.13148788108906156,0.8971368551370149,-0.17834776459564683,0.11627908411996667,0.0010330560560073143,21,0.09142604981644534,0.6495357970301657,4.592691671697651
Lepidoptera,Erebidae,Cisseps,Cisseps fulvicollis,offset,-3.3497869801997975e-4,0.012774870520312938,-0.02622169026976361,0.9794563397214078,0.15360052717094008,0.41663362825517936,-0.007668414511885768,21,0.056765693400064106,0.6796255178590754,5.620765134613208
Lepidoptera,Sphingidae,Darapsa,Darapsa myron,duration,0.014556599167611518,0.020671230847297942,0.7041960527238897,0.49279973909249675,0.3239851325916733,0.5243251086635953,0.03963803783850062,21,0.05402341985676134,0.4256533622753031,5.725600316863023
Lepidoptera,Sphingidae,Darapsa,Darapsa myron,onset,-0.020285484318433893,0.019454632468949844,-1.0427071470412055,0.31577065187695336,0.5124478708756697,0.67760649727713,0.04213992248810294,21,0.046111112155868876,0.08840680622901964,6.058986458696438
Lepidoptera,Sphingidae,Darapsa,Darapsa myron,offset,-0.0010437277453095848,0.009123346308391102,-0.11440185541895162,0.9106906363278354,0.4033571949497208,0.6173557322156322,-0.004532960881289072,21,0.03842813522975849,0.34845162378482225,6.439558850005767
Hymenoptera,Eumenidae,Polistes,Polistes fuscatus,duration,0.01023779996279625,0.010320738120952348,0.991963931534342,0.34201101918727594,0.2721553051576514,0.5893654463702315,0.1043694363351566,21,5.25131864837352e-4,0.36879226172326207,15.102671771994409
Hymenoptera,Eumenidae,Polistes,Polistes fuscatus,onset,0.00205895545816541,0.008448746107395957,0.24369953032001032,0.8142544592699146,0.7521971369146044,0.9106887942760593,-0.010397213822777363,21,1.8245750023673984e-6,0.03341671956684217,26.428323297775933
Hymenoptera,Eumenidae,Polistes,Polistes fuscatus,offset,0.010212442226997583,0.006218087512797544,1.6423767285325583,0.1218411028497373,0.3619556998322878,0.5336079316570457,0.09919231944849027,21,0.11463225157523299,0.0065557456509733325,4.088547803189982
Hymenoptera,Scoliidae,Scolia,Scolia dubia,duration,-0.01024946563652156,0.0023396803230523043,-4.380711986819761,0.037307394652109326,0.9922376820718188,0.9991071205455774,0.029453429458994762,21,1,0.009893818385732445,0
Hymenoptera,Scoliidae,Scolia,Scolia dubia,onset,0.007917447289828189,0.004669360388075408,1.6956170935205026,0.12205881238942176,0.6195569769668849,0.8172366262311918,0.09487753309662583,21,2.7667549837534803e-7,0.18480082209813203,30.20084045363845
Hymenoptera,Scoliidae,Scolia,Scolia dubia,offset,-0.002564535738648269,0.0047196858375750375,-0.5433700095525682,0.6012961945515606,0.7643100205751233,0.9031320437425274,-0.0046494353665939014,21,2.2993129975721512e-5,0.024892792461217117,21.36058417993462
Coleoptera,Cantharidae,Chauliognathus,Chauliognathus marginatus,duration,-0.0068120474618806525,0.0025725192258408843,-2.6480064341031255,0.02468225120406488,0.7144993654360164,0.8519321289016476,0.14552056254196422,20,4.7052772287717244e-8,0.9993969820139613,33.74399200687239
Coleoptera,Cantharidae,Chauliognathus,Chauliognathus marginatus,onset,0.004696213945894271,0.002212942351682735,2.1221582850195992,0.06425311800101706,0.855269377142315,0.9345535560669466,0.021643236044251224,20,9.971188284785853e-5,0.9620420278079465,18.42625197041494
Coleoptera,Cantharidae,Chauliognathus,Chauliognathus marginatus,offset,-0.0028456344464241486,0.0020388269315551816,-1.3957214329386693,0.19671055684752553,0.7400722745633281,0.878517599048732,0.03881932342596839,20,5.547498424542474e-6,0.997078378658091,24.204315837240074
Lepidoptera,Nymphalidae,Chlosyne,Chlosyne nycteis,duration,-0.01767681541484834,0.018909187356715745,-0.9348268162656014,0.36578166828464687,0.07105222835088254,0.31809749296373974,0.047391262699266856,20,0.11501257006381671,0.7823666857316423,4.081064028304922
Lepidoptera,Nymphalidae,Chlosyne,Chlosyne nycteis,onset,0.02521226246125185,0.017614419957524132,1.4313421913437598,0.17427614563485003,-0.09701448165448112,0.1916792781129304,0.11828935612191557,20,0.255345469626094,0.9449552883690528,2.1406059641895467
Lepidoptera,Nymphalidae,Chlosyne,Chlosyne nycteis,offset,-9.242545874361716e-5,0.007393157820945079,-0.012501485966087798,0.990301034359486,0.7031125169875949,0.8608134846901795,-0.0168647710005837,20,0.0022955568407796844,0.9946767144600845,12.14896327416298
Lepidoptera,Sphingidae,Hemaris,Hemaris diffinis,duration,-0.004348060159039952,0.013541077191478505,-0.32110149713762925,0.75287685258271,0.029802448242762125,0.2851203192799368,0.005264460223812051,20,0.0860861978033041,0.6255793968932478,4.724774328726994
Lepidoptera,Sphingidae,Hemaris,Hemaris diffinis,onset,0.012869234623598225,0.01017120348913694,1.265261739905493,0.22643166056290023,-0.0618029448797357,0.2176232986698157,0.089461511776215,20,0.20534710664741007,0.6842440523611517,2.7064073134646094
Lepidoptera,Sphingidae,Hemaris,Hemaris diffinis,offset,0.0077764983839942,0.008209322897540167,0.9472764661656008,0.3613594988757436,0.24460123881096218,0.5004066323659778,0.04088911396784839,20,0.049665969489342404,0.9891601918698814,5.9029871076125175
Lepidoptera,Erebidae,Hypoprepia,Hypoprepia fucosa,duration,-0.29607036980252166,0.11691140486711218,-2.5324335990919895,0.027492740730740265,0.7286080170021392,0.8398009883719598,0.1277373474395368,20,7.992189729609368e-5,0.6172466282094751,18.86876151774686
Lepidoptera,Erebidae,Hypoprepia,Hypoprepia fucosa,onset,0.03299377951424221,0.07850543513628824,0.42027382507929334,0.6809861974927367,0.705788137298176,0.7937412738134632,-0.0015719125725914829,20,0.07080715284465167,0.307845511823289,5.148712557076294
Lepidoptera,Erebidae,Hypoprepia,Hypoprepia fucosa,offset,-0.21452914703606507,0.08276312498613472,-2.5920861140997884,0.022677821340330886,0.45785252183129477,0.6374464126253414,0.15774880959478327,20,0.6976673710538209,0.12596104990612977,0
Lepidoptera,Noctuidae,Marimatha,Marimatha nigrofimbria,duration,0.02006511045489804,0.026025149286995675,0.7709892548022476,0.45754258520896507,0.42816737552460316,0.6807416577274301,0.05377224275486059,20,2.4444641506437837e-4,0.7330172145229534,16.63253991612524
Lepidoptera,Noctuidae,Marimatha,Marimatha nigrofimbria,onset,-0.007135993312706246,0.02348877281791018,-0.3038044332084073,0.7667633498650429,0.3318233837666055,0.6000687968142109,0.0028085626420603083,20,0.010979305369949142,0.4103186306359998,9.001406170673903
Lepidoptera,Noctuidae,Marimatha,Marimatha nigrofimbria,offset,0.013481368249612312,0.016529328439451377,0.8156029023802113,0.42901370159392305,-0.127459726079159,0.20635528266346276,0.042517165833982545,20,0.07823263216922796,0.8993073754503297,4.93321205499268
Lepidoptera,Lycaenidae,Strymon,Strymon melinus,duration,-0.011642520496392101,0.009517733982133956,-1.2232449990981729,0.24142865008327163,0.35753285029798776,0.5266080457813773,0.050596243352023285,20,0.19458653436321188,0.019457512244654585,2.840957593200926
Lepidoptera,Lycaenidae,Strymon,Strymon melinus,onset,0.011810718803924999,0.00819519831707771,1.4411754721436114,0.17327293475996255,0.2825977127514292,0.510964790588993,0.10332775922330234,20,0.13299923764528077,0.5889618034105709,3.7493929197341345
Lepidoptera,Lycaenidae,Strymon,Strymon melinus,offset,-0.0015240549098128582,0.00439348316186856,-0.34688989434175355,0.7360854736067128,0.6936941547014259,0.8437045126437309,-0.006985209264685488,20,0.0034973702281725695,0.7402575670551755,11.304480911913117
