"","grid_id","mean","temp","prcp"
"1",29,0.327296173530282,18.1995461773529,4.39211409705882
"2",43,0.727991101652965,17.3548049963824,4.31152799635294
"3",68,0.379194363501516,17.8097939008824,4.42285300058824
"4",77,0.50632580503328,17.349978572,4.40882995535294
"5",78,0.594922480835249,17.2273506719706,4.43258819258824
"6",88,0.457418488637423,17.8663095679412,4.23139557794118
"7",404,0.0682574320159687,17.9783574776471,4.44527346829412
"8",532,0.338488507629545,18.0454594264706,3.83783413205882
"9",550,0.67377082030989,17.8028348888235,4.33019419929412
"10",607,0.602910892362158,18.1138487535294,3.77814017241176
"11",608,0.574003606967694,18.213872885,3.68664402058824
"12",777,0.412431268067086,17.5354434514706,4.51448997423529
"13",779,0.407457810251234,17.7203769723529,4.51523222264706
"14",836,0.412385513129205,17.9587748397059,3.84659852694118
"15",855,0.709386033311882,17.7817902755882,4.33888950841177
"16",935,0.620442406021272,17.4204803302941,4.47331971623529
"17",936,0.733025699630409,17.7076852426471,4.36736642641177
"18",993,0.112230119618305,17.8904737996176,3.93598140376471
"19",1019,0.752421109452276,17.4492609391176,4.44792552323529
"20",1020,0.6976071827898,17.4206310129412,4.48797145876471
"21",1021,0.66248795755511,17.5930056344118,4.39630266864706
"22",1080,0.0939908406627272,17.8219887285588,3.97652084629412
"23",1106,0.761170189410714,17.3658496852941,4.44344987905882
"24",1195,0.879582054937504,17.4258894505882,4.31455134547059
"25",1217,0.306676687929026,16.4871130562647,4.34962520723529
"26",1286,0.682618541811333,17.2303660292941,4.37510925352941
"27",1291,0.382664181437763,17.2776445943235,4.41950085517647
"28",1325,0.564287798402344,17.2478417668529,3.89778869535294
"29",1408,0.350368756113815,16.9188072677941,3.93700251464706
"30",1414,0.604763859411656,17.1184077427353,3.99283410435294
"31",1529,0.518239582136419,17.6493545275882,3.85123142623529
"32",1561,0.46955952151378,17.1410056814412,4.42755845705882
"33",1591,0.722132990769367,16.4010688903529,3.98471329323529
"34",1597,0.350294664247791,17.0313145935882,3.94320718841176
"35",1605,0.627110259078432,17.3119879217647,3.82421024488235
"36",1656,0.422021119327948,17.1036119447059,4.47024832029412
"37",1796,0.777815841600786,17.2758638876471,3.859949643
"38",1800,0.495580626916829,17.4101436145882,3.825489084
"39",1898,0.485710436276943,17.3749970159118,3.78327612817647
"40",1899,0.563365693521143,17.3432382140294,3.83172225752941
"41",1936,0.384191365948869,16.8990941089706,4.73493713594118
"42",1996,0.540229766338079,17.3408202182941,3.70783052135294
"43",2001,0.642662846334235,17.2621176063235,3.96183763376471
"44",2088,0.731706654362775,16.4944158114706,3.99428356476471
"45",2090,0.568091748996913,16.8853553679118,3.86022522682353
"46",2093,0.675572306390173,16.9681653090588,3.92386738682353
"47",2094,0.8685290941042,16.9854185973529,3.94293889705882
"48",2095,0.740133048775186,17.0732923748824,3.90693732476471
"49",2135,0.572510863588412,18.0111067097059,3.68728564288235
"50",2144,0.241262044179391,16.5672274970882,4.84907230305882
"51",2199,0.919191916830436,16.9514497375588,3.91508088447059
"52",2200,0.807532147261293,16.9657846567941,3.91550261770588
"53",2201,0.735184167586233,16.9697645079118,3.87618416676471
"54",2256,0.368150596226111,16.4726425663235,4.77773414805882
"55",2305,0.687618786787946,16.7623614508824,3.82564504570588
"56",2306,0.816806427929809,17.0139112475588,3.72666665347059
"57",2307,0.766855982597734,17.0461186240882,3.76431466629412
"58",2308,0.797559927171212,17.0232065521471,3.82564875841176
"59",2309,0.766414936728964,16.9956237255,3.86982177911765
"60",2310,0.780681030711885,16.9416622919412,3.877012509
"61",2311,0.780953629301443,16.9650109923824,3.875271778
"62",2312,0.709555834543479,16.9826193457941,3.89273156135294
"63",2416,0.64096725614119,16.9591158663529,3.80311045558824
"64",2417,0.725974683567408,16.903285895,3.91168896329412
"65",2418,0.804958368714518,16.9341865904118,3.89390403535294
"66",2419,0.770867308289997,16.8800603844706,3.90862939764706
"67",2420,0.817722332034667,16.8351943348824,3.96334534876471
"68",2525,0.648436977188566,16.8199601792353,3.83728736852941
"69",2526,0.748751333595817,16.7859212489118,3.96864815388235
"70",2527,0.770422524067273,16.8206671890882,3.96351346411765
"71",2529,0.780388752811715,16.8153500611471,3.93869432070588
"72",2598,0.391324778042996,16.3256284684118,4.49687335594118
"73",2635,0.783149160343527,16.7033870928529,3.98713795535294
"74",2689,0.116689706830776,16.1958419943529,4.73238879947059
"75",2742,0.734246010779401,16.4479982965,3.96976845835294
"76",2743,0.738785837210099,16.6064055365882,3.95056873582353
"77",2744,0.688622393324854,16.6890790517059,3.93551372247059
"78",2745,0.674416150297704,16.6867109008235,3.92956541823529
"79",2748,0.834654561327755,16.7902088370588,3.93537798111765
"80",2762,0.530089928363314,17.1164928364118,3.67617702788235
"81",2766,0.318238805355684,17.0847584144118,3.59375880923529
"82",2800,0.10404659044485,16.1554408026471,4.65016414470588
"83",2821,0.604530502220929,15.9191053966765,4.53098142364706
"84",2853,0.694884563782003,16.4604313623235,3.95570536605882
"85",2854,0.766592205746051,16.5004211103529,3.96148911047059
"86",2855,0.779125081023914,16.5681299163235,3.95022220370588
"87",2860,0.770962352080518,16.7857128902647,3.97187939176471
"88",2861,0.742884483345496,16.7543372277647,3.99590491
"89",2871,0.649579004678301,17.048651733,3.63081239405882
"90",2872,0.686245335525695,17.0651872493235,3.62633617517647
"91",2873,0.627982539579676,17.0128710502647,3.64294119152941
"92",2930,0.523612674219046,15.9090197428824,4.38064675435294
"93",2960,0.736324966296114,16.4837019698235,3.84864931652941
"94",2964,0.801005554040625,16.4224573324412,3.98281246811765
"95",2968,0.762831633292248,16.7290973072353,3.96467229870588
"96",2969,0.762920249500957,16.7207007278529,3.99966802805882
"97",2979,0.472616604212883,16.9414969611176,3.58906008376471
"98",2981,0.713757549507482,16.9781170165882,3.62782203117647
"99",3056,0.495836513228836,16.5330272545,4.00886073170588
"100",3064,0.683558822156399,16.4957706925588,3.71758426488235
"101",3065,0.402059472127197,16.3976064752941,3.78526505435294
"102",3070,0.594714976236405,16.4246713338235,3.863050097
"103",3078,0.74493595087987,16.6492087266176,4.03444771547059
"104",3141,0.442892124781599,16.5677094933824,4.13338449570588
"105",3143,0.458083080908257,15.9785375168824,4.25331758064706
"106",3144,0.429013564855252,15.9681251270294,4.14669220229412
"107",3162,0.615599473561841,16.5257974376176,4.027590133
"108",3163,0.673987398854055,16.6221476812059,3.95276653888235
"109",3176,0.61601248878803,16.2612069738529,3.92741660617647
"110",3183,0.637158111755289,16.5451599772941,4.04714300194118
"111",3241,0.335814062637236,16.4239075729118,3.99695378452941
"112",3242,0.37862455318272,15.8663769478529,4.15660755723529
"113",3260,0.590958971403746,16.6236471920882,3.99817146517647
"114",3334,0.362397166497817,16.2242486814118,4.41482402323529
"115",3348,0.297177566057938,15.5597505080588,4.50691221411765
"116",3436,0.244745894827182,15.7593372713529,4.29951253311765
"117",3465,0.455312453943389,15.9431864682059,4.10199938870588
"118",3529,0.486806205502121,16.3924929520588,4.24728104441177
"119",3667,0.373398211070195,15.6737918056471,4.39455734829412
"120",3676,0.624194920163794,16.0657087984118,4.228032387
"121",3702,0.5359637300603,16.9559812148529,3.44518232552941
"122",3706,0.482071955255881,16.9751256162647,3.31548105835294
"123",3725,0.62809918372909,18.1511230761765,3.434869597
"124",3730,0.535969383519594,16.3372562448235,4.26792361958824
"125",3828,0.750885538376587,18.0417466888235,3.35027739029412
"126",3881,0.479023145291017,15.7072865654118,4.42534506411765
"127",4011,0.386683127460384,16.9097568169118,3.41986148594118
"128",4042,0.190120338210005,15.5589448974412,4.46194909176471
"129",4085,0.445648944118749,15.3547693936176,4.73407533270588
"130",4163,0.374759747734901,16.0649860467647,4.40494880817647
"131",4214,0.37821800558211,16.8836477458824,3.49266611741176
"132",4215,0.392984644047583,16.8583729042059,3.46078012417647
"133",4270,0.464356329224958,16.1540395035882,4.49890116158824
"134",4356,0.15566990695022,15.0476365919412,4.88472272076471
"135",4413,0.441353114526642,16.8375890615,3.76847284535294
"136",4418,0.658097842859987,16.7682741165294,3.62407521029412
"137",4472,0.432866821579719,16.1311759623824,4.04798471258824
"138",4501,0.370418241550577,14.4533314194118,5.24633980770588
"139",4604,0.162007477706995,13.3417559735,5.20876329488235
"140",4608,0.390606919049846,14.3510502275588,5.31908302123529
"141",4620,0.478207465890467,16.6723036122353,4.250673248
"142",4624,0.370034989616917,16.8272437198235,3.72627443105882
"143",4719,0.232478144458543,14.4126844559706,5.11640625441176
"144",4731,0.64384148529055,16.7467259523824,3.73912221735294
"145",4789,0.524592292421879,15.7103251986765,4.29829364770588
"146",4836,0.515143985999404,16.6540134540294,3.84079065382353
"147",4893,0.561414563588147,15.9341737446176,4.29493271864706
"148",4894,0.746540823325517,16.2717609561471,4.20115317305882
"149",4895,0.808240711873483,16.2830462294118,4.20328649282353
"150",4992,0.446897325186438,16.0327730222353,4.56675813176471
"151",4997,0.707097254290852,16.250097018,4.26103604435294
"152",5024,0.350048155861701,13.6521474139118,4.53648415070588
"153",5051,0.64343757452325,16.6204211397941,3.75786900158824
"154",5098,0.62728153958627,15.9558057816176,4.404336886
"155",5099,0.678648944780837,16.2782618837353,4.26846352488235
"156",5100,0.607061281989256,16.2177471000882,4.29415715094118
"157",5104,0.421224608420558,15.9689012625588,4.43106163847059
"158",5188,0.429108046392012,14.1117593513529,4.94624115923529
"159",5199,0.517888216926844,15.1917971798529,4.73499920388235
"160",5200,0.633051897797171,16.1379001549706,4.32784577347059
"161",5201,0.569196201594847,16.1071670757059,4.30135644764706
"162",5252,0.807856199622123,16.4726551637941,3.800709051
"163",5327,0.457559623383418,14.1754856552059,4.40429197094118
"164",5352,0.64419520700728,16.3393537359706,3.97484439294118
"165",5403,0.456082032810739,14.8749784494118,4.72517288064706
"166",5430,0.1721108363106,13.3318745307059,4.73792693188235
"167",5431,0.109776061826313,13.2745331879118,4.72108804694118
"168",5454,0.584776461847367,16.0969133080588,4.18407857870588
"169",5505,0.487828553132809,15.4253938306765,4.40957686070588
"170",5557,0.519808650700924,16.3043493302647,4.00523294794118
"171",5565,0.64318924991025,16.1573490739118,3.72702185594118
"172",5654,0.282103985680688,15.6533818311471,5.00817440670588
"173",5765,0.388738934265063,15.7628975263529,4.46448233117647
"174",5788,0.450461944655158,16.4930298553824,3.25957531705882
"175",5955,0.0669478860330289,13.3549848022941,5.30484168105882
"176",5977,0.503682266593992,13.4330275312941,5.47317803758824
"177",5979,0.164500898762258,13.2042209377647,5.52727997729412
"178",6012,0.612825556845338,16.7002066248235,3.39875127076471
"179",6078,0.44452130616538,13.1123553632059,4.15886699347059
"180",6086,0.289823473170553,12.4214583138529,5.63367975588235
"181",6087,0.579898527529394,13.4124922171176,5.19862677964706
"182",6090,0.303307476731465,13.0228864477353,5.42428542688235
"183",6095,0.294597403691696,14.9075141543235,4.81099902817647
"184",6149,0.210629469894926,13.6472101682941,4.58165755711765
"185",6192,0.0670559732167935,9.27006582079412,5.435477724
"186",6193,0.0878495161321625,9.26593494905882,5.97896734570588
"187",6195,0.161303563149946,12.5306160673824,5.30510629605882
"188",6196,0.35633460926824,12.790419224,5.22506939876471
"189",6201,0.523220486350194,13.8845621895,4.96271615558824
"190",6300,0.0723489924009037,9.542170333,4.99186752041176
"191",6304,0.115357475491991,11.7344087621176,5.32287135482353
"192",6341,0.692501086206346,16.5043025182059,3.44123863076471
"193",6399,0.302926323853663,13.3788169510294,4.36511378564706
"194",6405,0.325984334791427,11.1111215224706,4.53941386588235
"195",6411,0.0777336330700159,10.9508220624118,5.10940357911765
"196",6416,0.603736095701798,13.7650522188235,4.38211115582353
"197",6417,0.588651653946656,13.8525141372941,4.44847825805882
"198",6442,0.508795457889602,16.399117551,3.34339722729412
"199",6447,0.665817537633205,16.4697749315294,3.43193795317647
"200",6460,0.239786981140353,16.8853386322647,3.61332516376471
"201",6492,0.473098745723437,15.3571970295588,4.15114867982353
"202",6509,0.413515584105865,12.7886488898824,4.42747902347059
"203",6512,0.217043155516209,9.67298429885294,5.03551527352941
"204",6513,0.388303004476783,10.6448961351765,4.61589579552941
"205",6522,0.544794864147251,13.4020051293529,4.14210048405882
"206",6554,0.781697162717942,16.3720479734118,3.45690554417647
"207",6600,0.455420967633377,15.3403415453529,4.01406495123529
"208",6605,0.00601569971074701,14.1129779078824,4.50583248147059
"209",6606,0.00807016639866738,13.4694318794706,4.65117625605882
"210",6611,0.00158064378801614,9.06734388805882,5.86064676635294
"211",6614,0.0759307069200127,11.5175232019118,4.88333632864706
"212",6619,0.466278522587819,11.3243002964118,4.29507632935294
"213",6621,0.542839010300643,12.4287120481765,3.71339405829412
"214",6627,0.358362952680852,12.8931846496471,4.15260018141176
"215",6628,0.576152899527988,13.4123140289412,3.90478071947059
"216",6629,0.641592405105689,13.4564377097353,3.87862833088235
"217",6630,0.501628641799104,13.4929884162647,3.90352035452941
"218",6634,0.316336120095633,14.4930796872941,4.52937059947059
"219",6713,0.0235817918494959,14.0566523824412,4.40615791711765
"220",6714,0.00730956656254953,13.0121502296471,4.77327299776471
"221",6716,0.000222681649765707,11.4032327116471,5.20043832111765
"222",6717,0.000803420220958178,10.279089959,5.49236107147059
"223",6718,0.0114388971638776,9.43012515855882,5.69848530723529
"224",6720,0.00533905721774412,11.5687839025,4.86208381682353
"225",6725,0.43561863510671,11.2734341433529,4.26620661470588
"226",6733,0.488600827104545,13.1469766529412,3.79763290894118
"227",6734,0.492461136727091,13.4104031472647,3.69981979282353
"228",6735,0.558171466571855,13.0070378905,3.93910837605882
"229",6736,0.467099517763656,13.3313559078529,3.81702253917647
"230",6768,0.62225170229897,16.1973054582353,3.62209482664706
"231",6771,0.50701684174377,16.3636220574412,3.43437201529412
"232",6818,0.255323295023415,14.5394763123824,4.21065121311765
"233",6819,0.0903689374399971,13.5807363765,4.56102555947059
"234",6820,0.0340101125539864,12.7920207884412,4.80467049282353
"235",6821,0.0521085260637045,12.8778511046765,4.72942514635294
"236",6822,0.0179977895554125,11.4425987273529,5.127199133
"237",6823,0.00309148646210308,9.33255094964706,5.72623527705882
"238",6829,0.0254687470883926,11.7367417166471,4.34449607923529
"239",6838,0.616412409525336,13.4373134676765,3.40372675170588
"240",6839,0.575336731461513,13.4913435689706,3.46442492958824
"241",6840,0.55979304566236,13.1027357385882,3.72054032741176
"242",6841,0.472995956572033,12.6964289243824,3.99582946670588
"243",6842,0.442735103297423,13.0439352126176,4.03360758141176
"244",6869,0.54055182153378,16.1052286547941,3.50270789329412
"245",6871,0.715122929807495,16.0756926093824,3.62577944658824
"246",6872,0.735360399999471,16.181108718,3.56968571111765
"247",6918,0.767239908674553,15.4146702960882,4.00081808958824
"248",6926,0.396099366119951,13.697320717,4.46045202270588
"249",6927,0.231359372136349,13.1993922004412,4.59417649288235
"250",6928,0.023862779583768,12.0074997637353,4.93345521476471
"251",6929,0.00121592775428938,12.0759662792353,4.86838555
"252",6934,0.00987620718318607,11.6639663538529,4.44540675023529
"253",6943,0.639524839995918,13.3454413567647,3.23822074547059
"254",6944,0.701067266366801,13.2841823105588,3.29630498070588
"255",6945,0.602502526135887,13.3716845468824,3.41642571835294
"256",6946,0.491460689832075,12.8211324195588,3.82707153423529
"257",6979,0.651199509689932,16.1810758579706,3.49052830164706
"258",7023,0.73192764744591,15.4549879037059,4.05696283541177
"259",7033,0.263915376271323,14.1177353988529,4.30931411635294
"260",7035,0.0198089786094357,10.9876881902059,5.17551468458824
"261",7047,0.502548818814283,13.4340854053529,3.13404658464706
"262",7048,0.567202721985196,13.2867055294412,3.17069960935294
"263",7049,0.521966704517,12.7657719210588,3.35367003217647
"264",7050,0.454665804115966,12.6055849497941,3.56078201788235
"265",7051,0.460477848532137,12.7837950589118,3.80259928647059
"266",7053,0.526751549215689,12.7896116673235,4.30648531223529
"267",7079,0.704182031716626,15.9136469061176,3.53633093905882
"268",7081,0.583856815577931,15.9939051901176,3.49352676447059
"269",7084,0.709944153612477,16.0397471720294,3.50950022652941
"270",7087,0.504598345594126,16.141905171,3.49594702547059
"271",7141,0.17866684887677,12.8989268823235,4.47054037647059
"272",7142,0.0357597141845669,12.0217220130294,4.65311492682353
"273",7143,0.0153001887970389,12.1044104410294,4.52507317605882
"274",7153,0.563312944693932,13.3398064614706,3.12353556276471
"275",7156,0.223485538540156,10.8520492986765,4.37883475335294
"276",7158,0.353541729689056,11.5373347679706,4.71378485952941
"277",7184,0.720745349851707,15.7817686805294,3.54993193194118
"278",7185,0.578870498711867,15.8348004143529,3.51231476011765
"279",7186,0.545913696476498,15.8577454708235,3.50331670770588
"280",7229,0.531702966562611,15.2483847618824,4.25179956076471
"281",7250,0.396607372680133,14.1219094527941,4.09079705670588
"282",7255,0.106678110252949,10.8931128282647,4.26772509888235
"283",7262,0.512338705303695,13.3089523944118,3.07174181411765
"284",7265,0.135604143975093,10.4800249233824,4.41509678835294
"285",7266,0.102950704931687,9.96658680402941,4.88862410247059
"286",7293,0.626207065885003,15.6793373110294,3.53008673082353
"287",7294,0.540606161312715,15.7084524868529,3.51977293470588
"288",7348,0.652498872958753,15.2845077938235,4.18079635864706
"289",7349,0.612986629191452,15.1827793831176,4.04406063035294
"290",7371,0.404487995584719,13.4418726129412,3.13538314941176
"291",7377,0.130685707826507,9.76055948429412,4.91227647170588
"292",7378,0.0913349191200099,8.53350186314706,5.56234117711765
"293",7401,0.48380271954727,15.5396807914412,3.45775499576471
"294",7455,0.60056862123396,15.1854252837941,4.250806237
"295",7460,0.879793910523388,15.2045758078529,4.08680011647059
"296",7461,0.732991110250789,15.2344787525588,3.93838003723529
"297",7464,0.435525323230687,15.2369908612353,3.78237623476471
"298",7465,0.485759083698599,15.2285724819118,3.73372434047059
"299",7489,0.135231811423271,10.0584095881765,4.78378812094118
"300",7490,0.113018257076118,9.36921607091177,5.26023783688235
"301",7572,0.480990437018644,15.0331766499412,4.37043194476471
"302",7573,0.605848221968438,15.1128765489118,4.21225155611765
"303",7577,0.681335383606553,14.947428591,4.06826272494118
"304",7578,0.769326300504027,15.0000147578235,4.00257709176471
"305",7579,0.756497500283942,15.0701723636176,3.91208795347059
"306",7610,0.171149225996659,11.7102630504118,4.91554981247059
"307",7686,0.290948443343233,13.3963944281176,5.41448247305882
"308",7715,0.13018640315598,13.5842883685882,3.74231568370588
"309",7849,0.353977558511265,12.2725238460294,4.23958561288235
"310",7972,0.108108124312428,11.6939732829706,4.83297950976471
"311",7980,0.488746134524569,14.7253464496471,4.04664119976471
"312",7985,0.494697993040937,15.1324723437941,3.82198490211765
"313",8011,0.437488348939368,15.8806313510588,3.44321826129412
"314",8052,0.43885551682193,14.5966230824706,4.09546935429412
"315",8057,0.476278219889594,14.6274165546471,3.83147158394118
"316",8079,0.154721827807509,11.2173846742059,4.36027744964706
"317",8091,0.292621768012097,10.9985381872941,4.93404405211765
"318",8133,0.375737450237601,15.9654559692647,3.44096723423529
"319",8145,0.691668587117375,16.3322725693235,3.69719831894118
"320",8320,0.120041833820803,11.06179795,4.12042740635294
"321",8324,0.15105534649044,8.99527848338235,4.59157113835294
"322",8328,0.410283322239917,10.6045918521176,4.79946400994118
"323",8377,0.48059427221911,15.9659225351471,3.59743874452941
"324",8383,0.671871495977924,16.1640490086176,3.48884605394118
"325",8384,0.625913886378177,16.1379018017941,3.53744543064706
"326",8387,0.563878119280823,16.2041541061765,3.66044001105882
"327",8394,0.244025467735505,13.9921270926176,4.17498094070588
"328",8451,0.215596582615325,9.73836161035294,5.06255121852941
"329",8499,0.491877256124872,15.8481512862647,3.607945042
"330",8500,0.402847442213028,15.9418832963824,3.61985040194118
"331",8502,0.310333387582179,16.2060559541471,3.68303323052941
"332",8504,0.531028282332186,16.1162815632059,3.60952419947059
"333",8507,0.557364402596034,16.1065784338235,3.61206890482353
"334",8509,0.577187812069022,16.2081885388235,3.65091974364706
"335",8520,0.328315961712612,13.1460082229118,4.71464916652941
"336",8552,0.458161556762362,14.4390254163529,3.50030702476471
"337",8570,0.339754625290295,11.2912454241176,4.05783489541176
"338",8573,0.344945353119409,10.6653978010294,4.25829104547059
"339",8574,0.44768659814851,10.1626877944706,4.48537029711765
"340",8575,0.419103339259475,9.94033832176471,4.78428455217647
"341",8576,0.351487126389173,10.8525496515,4.89272244729412
"342",8577,0.346315265200698,11.2976605057353,5.16573829529412
"343",8609,0.656466597733965,15.6593374595294,3.66798027423529
"344",8624,0.451600843703776,15.8755167570882,3.59558872323529
"345",8628,0.611139276725468,16.0723910648235,3.60076104194118
"346",8629,0.723765954266638,15.9839533697941,3.51627113941176
"347",8630,0.673439166948314,16.0361687360294,3.49652548282353
"348",8631,0.593918192926339,16.0512549238529,3.689292416
"349",8632,0.609838708491849,16.1122173966471,3.766395421
"350",8633,0.693925405088426,16.1383260066765,3.77444836435294
"351",8696,0.215145146388274,11.2277950047353,3.91355770935294
"352",8701,0.414946931493674,10.4809470865588,4.93721414064706
"353",8746,0.370622038860274,15.8233227385882,3.50624573764706
"354",8747,0.413749042810433,15.7751551240294,3.56654888111765
"355",8748,0.506706661034659,15.7631146443824,3.616298863
"356",8749,0.475737594490643,15.9644977808529,3.53662430858824
"357",8752,0.675684870408984,16.0292644337647,3.56016447270588
"358",8753,0.749987928028928,16.0082765752059,3.57046210582353
"359",8754,0.71840333187542,15.9494283309412,3.67984140194118
"360",8755,0.738045250883374,15.9904541235882,3.74243015694118
"361",8756,0.763156202211052,16.0756977021765,3.79351027529412
"362",8760,0.50260872439579,16.2445335684118,3.53220336629412
"363",8814,0.589884111856134,13.566980176,3.67792047017647
"364",8815,0.666087796819542,13.4874536187353,3.72606585705882
"365",8817,0.44011372274451,13.2759102104118,3.71114611582353
"366",8826,0.459063339172028,11.2695375581765,4.15269115470588
"367",8827,0.58860649965354,10.6692066822647,4.50658869688235
"368",8828,0.585169197291844,11.1203361127941,4.60837984923529
"369",8873,0.42984835150216,15.7056172215588,3.56673832388235
"370",8874,0.526865938105043,15.7844238893529,3.56891544752941
"371",8875,0.55418994982809,15.9054502902353,3.53869296394118
"372",8876,0.396944963347327,16.0687632727353,3.47885482029412
"373",8877,0.512161551323073,16.0431918585,3.51063472641176
"374",8878,0.677469365159823,16.0020871972647,3.54119108947059
"375",8879,0.679929074099859,16.0112373469118,3.53380096964706
"376",8880,0.585354686323932,15.9694345982353,3.60392170229412
"377",8881,0.672438556228478,15.9814764972941,3.60993198347059
"378",8882,0.723677075116319,16.0330274051471,3.68128605494118
"379",8883,0.77376039487192,16.0979100240588,3.70327860294118
"380",8884,0.694016075690334,16.1320767211176,3.57479837741176
"381",8885,0.667862031722112,16.1431141047059,3.53844651047059
"382",8887,0.551562861621578,16.1880824430294,3.60169023794118
"383",8941,0.630317872608256,13.7720355035294,3.56547144276471
"384",8943,0.557702965059473,13.8239986155882,3.56789585347059
"385",8944,0.579169126916525,13.7055743052353,3.55244450164706
"386",8978,0.650893613195091,14.8639126364118,3.45292364382353
"387",8980,0.832464726615687,15.0927029342647,3.38159009441176
"388",9000,0.473872846383219,15.6921105318824,3.56765752058824
"389",9001,0.630442801523774,15.7823319161176,3.55563126235294
"390",9002,0.665313461849645,15.9056821340294,3.51746558611765
"391",9003,0.593480149121416,15.9877792830882,3.49018188705882
"392",9004,0.679041902850413,15.9691210846176,3.53653677117647
"393",9005,0.675468511041883,15.9548874009706,3.58839360811765
"394",9007,0.506243930570377,15.9158596323235,3.583461806
"395",9008,0.711841557301476,15.9531494435,3.55065707858824
"396",9009,0.704913828644225,15.9811939334412,3.56594404035294
"397",9010,0.789720292765347,16.023832074,3.59930070252941
"398",9012,0.556334802950081,16.0931848746176,3.59861919905882
"399",9067,0.545849896710494,13.7531935366765,3.55974325052941
"400",9070,0.542805366156687,13.9777797687647,3.44941909141176
"401",9107,0.685453130648103,14.8677118462647,3.48214144594118
"402",9112,0.590121738274032,15.3129356104706,3.56900076576471
"403",9115,0.784598599727566,15.497197485,3.58477520258824
"404",9116,0.863555417197152,15.5644470950294,3.52127284752941
"405",9127,0.420526271474143,15.5943953713235,3.53460330447059
"406",9128,0.45434793641161,15.6088561975588,3.587327755
"407",9129,0.584504489207043,15.670151988,3.59923303270588
"408",9130,0.642900766211971,15.8147622117353,3.52947475258824
"409",9131,0.662960154322121,15.8880283827059,3.55478083758824
"410",9132,0.710155076268285,15.8672975825294,3.60382811588235
"411",9134,0.643906158148764,15.8433375287647,3.59546392741176
"412",9136,0.627401150171779,15.8488068001471,3.67892328570588
"413",9137,0.656397906390208,15.8842867657353,3.64119133488235
"414",9138,0.750498727985302,15.9571213635882,3.58581977823529
"415",9139,0.661848015282451,16.0183198072353,3.55895141964706
"416",9191,0.425032765446584,14.1749271916176,3.48157583682353
"417",9197,0.548551646832855,14.0571204713529,3.37823116647059
"418",9203,0.413989588614497,12.7479652957353,3.84187642752941
"419",9223,0.424079351041987,13.9668437563235,3.88886544723529
"420",9235,0.567249737417487,14.7156100997353,3.49930203552941
"421",9236,0.676254569923284,14.8262583967059,3.45132836635294
"422",9244,0.708161420398531,15.4241783091765,3.54239516317647
"423",9249,0.584958896486718,15.6356479615588,3.39344455205882
"424",9256,0.387978203442787,15.4777423219412,3.56930790723529
"425",9258,0.474947458750186,15.6179462182647,3.59602453558824
"426",9259,0.485951989949927,15.6933037374412,3.60440106217647
"427",9260,0.646420648967249,15.7654676370294,3.61820828694118
"428",9261,0.792064755395138,15.7619576501765,3.677985792
"429",9266,0.535828049081777,15.8340184422647,3.62514863188235
"430",9267,0.683241431985921,15.8891887142059,3.58339368752941
"431",9268,0.639059639130663,15.9189442019118,3.58359475735294
"432",9322,0.382552595949879,13.8851603747941,3.53962147311765
"433",9323,0.454030945957507,13.6176366517647,3.65445180582353
"434",9325,0.584394780121759,14.0991935180882,3.40090782482353
"435",9379,0.606281071867183,15.5572769344706,3.41866948135294
"436",9386,0.579172689478109,15.4938758171471,3.58745386417647
"437",9387,0.5130566702124,15.5115837056471,3.65136533252941
"438",9388,0.531917382321672,15.6090065388824,3.63445971823529
"439",9389,0.682160222700469,15.6346865712059,3.66650309364706
"440",9390,0.729440464618358,15.6799877773824,3.65166579876471
"441",9394,0.457008379750984,15.7559305243235,3.62025459958824
"442",9396,0.579419242053814,15.7807306128824,3.63047180294118
"443",9397,0.662901471743944,15.8146019455588,3.58200140264706
"444",9398,0.543470034589876,15.8189141575294,3.58861341258824
"445",9470,0.53280055843512,10.7086225413824,4.32129722223529
"446",9514,0.457916676842582,15.4929360795,3.67890003158824
"447",9515,0.462259861715337,15.4874186650294,3.69907979770588
"448",9516,0.587363331329892,15.5610505297353,3.65365601817647
"449",9517,0.583203196172546,15.6295465083529,3.60286168752941
"450",9579,0.522121706409242,13.5212178355294,3.51227436888235
"451",9598,0.189584793262462,10.7263627740882,4.60563852882353
"452",9635,0.418434322077456,15.3861174597059,3.72903347058824
"453",9639,0.494994756798963,15.4511485670882,3.68189945035294
"454",9641,0.37359184208051,15.6192241132353,3.47150889352941
"455",9761,0.403803520438963,15.3802947553529,3.66547603176471
"456",9763,0.418161287100162,15.4673834572059,3.58807071458824
"457",9878,0.373587773925208,15.2578105945,3.76037951558824
"458",9988,0.551009551503373,14.8508211199412,3.360050307
"459",10007,0.374086553800635,15.3477648744706,3.54649512770588
"460",10079,0.197386236183188,9.40465020164706,4.33164288476471
"461",10128,0.404460020424828,15.2697344491176,3.51071649641176
"462",10433,0.300652172003154,11.0144890633824,4.17099419694118
"463",10715,0.545292950789063,14.2207540137059,3.49716970570588
"464",10723,0.751094462010855,14.7453420063529,3.31482779229412
"465",10945,0.189747784772727,11.2794844942941,4.307901991
"466",11117,0.248417314385734,13.5350269608824,4.05834061976471
"467",11331,0.442861275769996,14.6846270073235,3.40467202429412
"468",11337,0.27105707890445,15.1247010964706,3.45188778923529
"469",11783,0.682716920444097,11.9947338115294,3.07793013847059
"470",11787,0.204669290465242,11.8173759972941,3.48953740870588
"471",11902,0.489518154699141,11.9059164876471,3.17387491047059
"472",11903,0.629958942762594,11.9604039892941,3.11972196235294
"473",11904,0.4211462416886,12.5173138893529,2.93036512023529
"474",11905,0.384060522596346,12.4903078638235,3.05714075994118
"475",11983,0.525075918860734,13.3652033291765,3.70095595670588
"476",12020,0.543316592185582,11.8451845235588,3.18404319488235
"477",12021,0.672525845698012,11.8681428553529,3.16603765982353
"478",12136,0.373745118762056,11.3854869597353,3.37525276258824
"479",12137,0.461799263322298,11.6220498502647,3.26670519752941
"480",12249,0.285647153576315,10.9915960402647,3.67901469758824
"481",12261,0.799943185740838,14.0147601661176,3.35578408523529
"482",12306,0.162081369164391,13.1787098985588,4.07676840794118
"483",12365,0.0722386474224747,9.72892516594118,4.16218344117647
"484",12369,0.143823910050117,11.3614049501765,3.46623927376471
"485",12374,0.610827344476728,13.5430538352941,3.37480264688235
"486",12424,0.295806059239067,13.2327029933529,3.97524111670588
"487",12539,0.118018323353526,13.2231751417059,3.93812338417647
"488",12540,0.0876263971546036,13.2233461094706,3.93249444294118
"489",12634,0.212426412285812,14.4277906475,3.42467055335294
"490",12732,0.568964042986993,13.7285264060882,3.40499679388235
"491",12838,0.185541098172011,11.7994052232059,4.21261973364706
"492",12845,0.651033965281884,13.9279425212941,3.31667905494118
"493",12846,0.690109631683868,13.8571743052353,3.36932104958824
"494",12958,0.662580191962231,13.9917243406176,3.32270166670588
"495",12971,0.506162148037182,14.4948601474118,3.20337674211765
"496",13058,0.246935264342729,13.3304979998824,3.34970257558824
"497",13146,0.617649427404111,11.3807986780588,3.39373496276471
"498",13150,0.129316781827917,11.5527841538824,3.25764363888235
"499",13210,0.395965705640429,14.9749810166176,3.41751955552941
"500",13285,0.347002933469232,13.2692869852353,3.56088358682353
"501",13431,0.404775789645232,14.9551449912941,3.33818119664706
"502",13539,0.57109703875528,14.8613187823529,3.27496156294118
"503",13540,0.669837081429359,14.9026598517941,3.282488093
"504",13649,0.571698877800096,14.7002373432059,3.34626370564706
"505",13757,0.438387497954147,14.5415425441765,3.47304714394118
"506",13760,0.66742036208311,14.6582417500588,3.42822185035294
"507",13761,0.670073812555119,14.8312709650588,3.41489560429412
"508",13867,0.406773836567568,14.5989703703235,3.42663864305882
"509",13870,0.542902486164123,14.8991683254412,3.32714044864706
"510",13871,0.616133606710926,14.9581045859706,3.36994067358824
"511",13872,0.67457724594472,15.0854458888235,3.35860447547059
"512",13917,0.355202708666323,12.0063400129118,3.47706303635294
"513",13940,0.0700492953015167,11.8269588085882,3.31171890576471
"514",13973,0.371098250210174,14.4678102431176,3.28027802011765
"515",13975,0.469968590424794,14.5428948149412,3.47606699247059
"516",13978,0.624570301429673,14.7936401577941,3.34174917441176
"517",13980,0.746761516497356,14.8450921220588,3.42341553647059
"518",14082,0.418486026081807,14.4792030920882,3.25446778623529
"519",14088,0.778944954443514,14.7509102425588,3.40114182494118
"520",14089,0.784964867627728,14.8184494894706,3.43039947047059
"521",14173,0.365715040423885,12.7421937172941,3.76954177570588
"522",14280,0.319251774420776,12.0013154528529,3.92762842647059
"523",14389,0.229966954590593,12.1168365284706,3.87162259505882
"524",14414,0.581287246865242,14.7842771165882,3.47713617017647
"525",14444,0.600091465250922,13.0953794328529,3.41199312982353
"526",14723,0.121637942595018,12.1763506594706,3.72222554576471
"527",14755,0.356599163456232,12.5408169143235,3.51970038794118
"528",14811,0.404125524787277,14.2043954003824,3.39814092152941
"529",14823,0.159140007043991,12.2207790010882,3.63278013835294
"530",15100,0.0639888023441848,11.9779133470882,3.86312497776471
"531",15183,0.23191382033416,9.18654082405882,3.41014659735294
"532",15196,0.505594379671872,12.4754353137353,2.91816208947059
"533",15292,0.629092230645409,12.0363807974118,2.85673367258824
"534",15294,0.589345528832091,12.1548088283235,2.94257795488235
"535",15311,0.45478002845658,14.2161512719118,3.24553036147059
"536",15386,0.140582590248353,9.90108177044118,3.55603251664706
"537",15387,0.195198509788808,10.6217450103824,3.34246789058824
"538",15391,0.675936585098803,12.0746150011765,2.86229659788235
"539",15392,0.749952617944347,12.0924618045588,2.92246302570588
"540",15394,0.49659929204653,12.0667891075882,3.14416056158824
"541",15472,0.0464979421298284,7.69218542994118,3.83056191805882
"542",15490,0.665669946850943,12.0956850457059,2.87570414805882
"543",15506,0.433487738404525,14.0492897964118,3.19279417635294
"544",15596,0.0552015227499033,11.6772382951176,4.12076406594118
"545",15599,0.335140066741964,13.4186646180588,3.33777424458824
"546",15606,0.561921605910339,14.2370912031176,3.21078645517647
"547",15694,0.0484985334398897,11.3631682152941,4.14958941658823
"548",15771,0.085114814103196,7.24618679064706,3.98115175076471
"549",15791,0.0879188042699962,11.4385990872353,3.94825742858824
"550",15792,0.0676516131082028,12.0720972677647,3.79654528370588
"551",15888,0.198254076065324,11.8028124540588,3.671063242
"552",15889,0.00660686259115455,11.3515478025588,4.05033022276471
"553",15898,0.733293546207782,14.3547685548529,3.15142217735294
"554",15984,0.0426313963363709,11.4031839375882,3.94788609705882
"555",16146,0.369094993994042,10.4944807463235,4.04429732994118
"556",16181,0.283968996989893,13.8792594328529,3.31498177341176
"557",16182,0.570555996235665,14.1487923493235,3.22476730270588
"558",16202,0.372349454832736,12.1205342710294,3.20370870047059
"559",16213,0.497272658046528,12.4552599067647,3.259520458
"560",16269,0.0147548259674022,11.2776418658235,3.85116382488235
"561",16270,0.103614809363863,11.7051954783235,3.76603484864706
"562",16277,0.726056517732921,14.3696946396765,3.20570086964706
"563",16289,0.090714960753954,11.7761519560294,3.25042606352941
"564",16367,0.815144712863297,14.2720351259706,3.24800819858824
"565",16368,0.511505409025997,14.5901385657353,3.16801602458824
"566",16382,0.575754929452924,12.0904822149118,3.21141802517647
"567",16447,0.293982225061341,12.5007342621765,3.08531951311765
"568",16453,0.537267035951625,13.9339925460588,3.37143865647059
"569",16454,0.525139417173473,13.9366401666471,3.43823897688235
"570",16455,0.664327459712596,13.9928825042059,3.47465727205882
"571",16456,0.708151852405339,14.1332542243824,3.43560168947059
"572",16457,0.582439542868758,14.3322051177941,3.37133429376471
"573",16462,0.113329706875053,11.4519148877353,3.20806232341176
"574",16469,0.493855493557677,12.0928385813529,3.23660830841176
"575",16516,0.335363159482163,8.34065637005882,4.14290283070588
"576",16518,0.0985293034074739,8.43752138688235,3.95930917723529
"577",16533,0.396597372470824,12.5161337736176,2.82864410305882
"578",16537,0.380372537006731,12.4130005955,3.26361538029412
"579",16538,0.410656477371539,12.2027313516765,3.46800659111765
"580",16541,0.52458074113341,13.9056364656176,3.36551995023529
"581",16543,0.572518005507375,13.8394713832647,3.51395392976471
"582",16544,0.756396404895787,13.9211759329412,3.50231058147059
"583",16549,0.129855540385893,11.3881456944118,3.22157408147059
"584",16606,0.0751739849418044,8.23647001797059,3.97289769182353
"585",16625,0.620616008817302,12.8662839456176,3.00713292688235
"586",16630,0.523571977221227,13.7661958965,3.368760947
"587",16631,0.584164345378721,13.7202306767353,3.41749083841176
"588",16632,0.773758797339671,13.7139800742647,3.45261150470588
"589",16633,0.802551290693573,13.8570779573529,3.42726155523529
"590",16634,0.836114275001205,13.9535849207353,3.44570045176471
"591",16658,0.54542194590708,12.3325196730588,3.30411490082353
"592",16717,0.345007262825088,11.9630963722353,3.55781063141176
"593",16719,0.660462853048502,13.5731910273824,3.38913959852941
"594",16720,0.734045424055677,13.5738802651471,3.36610173247059
"595",16721,0.81069451044889,13.6283123002941,3.34298735147059
"596",16722,0.819294497961789,13.7901032027059,3.34832574923529
"597",16723,0.838857687959465,13.8867577775,3.36794372476471
"598",16727,0.369474886754653,11.6677313817941,3.16243436682353
"599",16806,0.333512413653166,12.6235454987941,3.27386852370588
"600",16807,0.683050836341441,13.6082227258824,3.29444427282353
"601",16808,0.822930511132448,13.6607655962059,3.27519382494118
"602",16809,0.846030979320921,13.7051130461765,3.32389930241176
"603",16810,0.801544246471189,13.7894770178529,3.33511987105882
"604",16813,0.358856617237604,11.6067734308529,3.17695208011765
"605",16822,0.262881575640016,11.8445519982353,3.35394612823529
"606",16889,0.479719655554055,12.6241458069706,2.96262830505882
"607",16891,0.41188124268663,12.8621967182941,3.05805333194118
"608",16895,0.579892824159116,13.6686890414706,3.27282553394118
"609",16896,0.808398837061547,13.5633129583235,3.31279868611765
"610",16897,0.881711506919902,13.5292756575588,3.38286308688235
"611",16901,0.499862567819252,11.7091882052059,3.14152324317647
"612",16979,0.433672286911139,12.8024196940588,3.00355862464706
"613",17036,0.307685134137691,9.03088824511765,4.09796184923529
"614",17131,0.242401747442273,11.2936397109706,3.22051889864706
"615",17137,0.643732839690946,12.238829763,2.96179729970588
"616",17143,0.388837209220038,12.5302054321471,3.25077475088235
"617",17265,0.39457747007414,10.6366370626176,3.82117388452941
"618",17272,0.263962013869443,9.17488217535294,3.91932471247059
"619",17350,0.221041975222601,9.08402704985294,3.94255767676471
"620",17420,0.66712698640974,11.6979367917941,3.319691755
"621",17421,0.494672487157716,11.127926677,3.56270173305882
"622",17428,0.281879506573126,8.78285156767647,4.10657371447059
"623",17458,0.485078750473851,12.6496773352059,3.14327472494118
"624",17499,0.630969520622087,11.6149651606765,3.35046669217647
"625",17500,0.662315603494499,11.5057677137353,3.36784153941176
"626",17501,0.56061746015132,11.366463807,3.40861587011765
"627",17502,0.29262923210606,10.6141631359412,3.75369802947059
"628",17512,0.233507457621524,8.59400070405882,3.81766168064706
"629",17538,0.443060569638641,12.5682948677941,3.10904047664706
"630",17540,0.610403118216393,12.7249969102353,3.09391033723529
"631",17679,0.276540635586798,8.73001529758823,3.61751839170588
"632",17680,0.171870307920192,8.69426295541176,3.55172540305882
"633",17691,0.213555112069008,12.0585070906765,2.95539481917647
"634",17766,0.393160809566202,8.71175468920588,3.51129947664706
"635",17786,0.423970019892067,12.6644147313824,2.97483294476471
"636",17850,0.385374041349202,8.65716763344118,3.49444055764706
"637",17859,0.0720080412902581,11.5069888316765,3.09193471511765
"638",17860,0.126956826253877,12.2055591675294,2.87623360188235
"639",17874,0.497833826940038,12.1041157466176,3.26261256252941
"640",17944,0.199312362319498,11.3626088227059,3.01657327094118
"641",17945,0.250484633365718,11.4900744677059,3.03876047611765
"642",17946,0.193770694298652,11.7034426285588,3.02615273135294
"643",17947,0.163998483753012,11.7864770885882,3.04440207076471
"644",17961,0.387756514076709,11.4130293196471,3.56648479747059
"645",17966,0.254158900560966,11.0279691608235,3.23041577305882
"646",17971,0.359241749142822,11.3979516293529,3.11651366176471
"647",18011,0.214350287794403,9.85227749167647,3.97532004305882
"648",18012,0.193049229712821,10.0840920120294,3.778564664
"649",18032,0.36622263232404,11.5220628937647,3.09103329541176
"650",18037,0.363358209001192,12.2450568937941,3.03612343070588
"651",18042,0.803728889673496,12.4604273576765,2.96897327929412
"652",18131,0.335959581187888,10.906722793,3.69581185394118
"653",18132,0.478626218423309,11.8801184082647,3.42349369588235
"654",18243,0.446929353396577,11.2305139900882,3.21679552547059
"655",18425,0.711476650523702,11.4845542891471,3.17481298523529
"656",18465,0.578311364292464,11.5444549362059,3.24655090588235
"657",18474,0.340221511854042,10.8945848366176,3.12162526082353
"658",18505,0.562336280913266,11.2363144363529,3.12218829464706
"659",18527,0.371694491221808,8.94928792220588,3.58134507847059
"660",18591,0.681384066109707,11.3841858849118,3.08323046405882
"661",18592,0.605784114695938,11.3170458509118,3.16313648047059
"662",18606,0.328136105770603,10.1290166778235,3.59510309658824
"663",18648,0.507443860710832,10.8472865449412,3.07240346752941
"664",18656,0.65237380503607,11.1965634023235,3.00935294547059
"665",18678,0.588346340294267,11.3652923906471,3.119740519
"666",18679,0.638152286931827,11.3633003038235,3.17219390517647
"667",18680,0.670242165940173,11.3477615067647,3.22116137894118
"668",18718,0.336609382173357,10.6173254029412,3.64293265076471
"669",18765,0.651357565632923,11.4655479505,3.08600812141176
"670",18766,0.764692141360883,11.4334949662353,3.15774796217647
"671",18767,0.769796219274688,11.2940472452353,3.27935168082353
"672",18778,0.525865147364125,10.4474259698235,3.59502798552941
"673",18805,0.321313310936714,10.8775475305294,3.49158495776471
"674",18841,0.392469916271042,11.0648358758824,3.29315885082353
"675",18842,0.396773466953111,11.2182134052059,3.16820845870588
"676",18847,0.823238107502646,11.4435118527941,3.16275005535294
"677",18856,0.639644004573815,10.7095998902353,3.55170084358824
"678",18920,0.348935789195039,11.0384422849118,3.28359128552941
"679",18927,0.869391717587342,11.5375124700294,3.16247211941176
"680",18928,0.830509539432358,11.4574604912647,3.22471317752941
"681",18929,0.815560577288771,11.4080321564118,3.26092198641176
"682",18930,0.749598981015981,11.3004766767059,3.31797453194118
"683",18935,0.504460087247418,10.5663758588824,3.62676228682353
"684",18937,0.436774842852167,10.6380543745588,3.58298475641176
"685",18981,0.553687107853234,11.0459929572353,2.98504214258824
"686",18983,0.481367321020395,11.0249117564706,3.01824162605882
"687",19000,0.415183049681261,11.0977489992353,3.19674151935294
"688",19007,0.837494935688352,11.4285675504706,3.23748698141176
"689",19008,0.740251899702586,11.1843010252941,3.39262900711765
"690",19024,0.632492515251327,10.1187285636471,3.28227581505882
"691",19053,0.416060514171103,11.2812639155,3.615827668
"692",19082,0.572213125019454,11.1168677101765,3.16469507835294
"693",19085,0.604573154726827,11.1735747120588,3.32906322211765
"694",19086,0.705618987010243,11.2972912404412,3.29632177764706
"695",19150,0.551113648036833,10.6460382300882,3.28689367847059
"696",19158,0.462622560218999,10.9742852386471,3.13793859317647
"697",19161,0.612960472663701,11.0024062603529,3.29311428452941
"698",19162,0.522207904204046,10.8840881142353,3.41867383664706
"699",19208,0.760058976309583,11.9097630907059,3.32940947817647
"700",19209,0.72533645403536,11.8826060089412,3.35470766117647
"701",19236,0.625938186268554,10.7189528615588,3.21872293482353
"702",19237,0.539784461862666,10.7627002915588,3.25630935752941
"703",19239,0.54915217277905,10.8501256336176,3.36491961211765
"704",19289,0.792393640710646,11.9302139675,3.31079086229412
"705",19314,0.54080470982317,10.5918145580294,3.30716896329412
"706",19320,0.600802151468436,10.6801726902353,3.42975655876471
"707",19365,0.840564722278475,12.0425144933824,3.28339382347059
"708",19366,0.814576549816028,12.0797522100588,3.27786131094118
"709",19384,0.517729359761807,10.5016777453529,3.27304049094118
"710",19397,0.647379076081121,10.0101713919412,3.65772961882353
"711",19460,0.38470435349943,10.3062023541471,3.49305790029412
"712",19467,0.530060663213285,9.80504075329412,3.76194984164706
"713",19487,0.474905383757836,11.1249017972647,2.94504059029412
"714",19506,0.73712386167415,11.9421531939706,3.40401967352941
"715",19510,0.752732593526739,11.9520134971176,3.44337271705882
"716",19513,0.53952599099206,11.508785821,3.70418227841176
"717",19524,0.567203643629306,10.0627979608824,3.43046452858824
"718",19535,0.413194276620502,9.87779403232353,3.66479097723529
"719",19536,0.454621338231928,9.69777562997059,3.76314592394118
"720",19555,0.385751363820546,11.0250772488824,2.94410511441176
"721",19573,0.515649429567869,11.5237443341765,3.57045180164706
"722",19574,0.493374727026478,11.1474151944118,3.70314473894118
"723",19576,0.662890185073857,11.6734494254412,3.55564796076471
"724",19577,0.619113170902747,11.7774567736176,3.54787554235294
"725",19592,0.620993865115399,10.1664917271765,3.29112798294118
"726",19733,0.375437583389165,10.0527104986765,3.35330312535294
"727",19734,0.303574617459252,9.95607758061765,3.35792641482353
"728",19745,0.353870502717311,9.76425040191176,3.58991219135294
"729",19803,0.595880763650241,11.9477317219706,3.66119435382353
"730",19844,0.280694979445994,9.60831021979412,3.26325262876471
"731",19882,0.403774700591485,9.81260163476471,3.37809817658824
"732",19915,0.430082542499714,9.85689649585294,3.18290235047059
"733",19918,0.401447656821934,9.50033240176471,3.18898509705882
"734",19989,0.443509410332745,9.65535516852941,3.18559207517647
"735",19990,0.629285273580971,9.79888102394118,3.12576277435294
"736",19991,0.722156834639391,10.0649442298824,3.03076088517647
"737",19992,0.524760315550967,9.61055825652941,3.14593295094118
"738",19994,0.218472810989818,8.73105513720588,3.54237964323529
"739",20063,0.557731770697385,9.86032212794118,3.12554230841176
"740",20064,0.647755444860976,10.1235342965294,3.03678754141176
"741",20135,0.12363150879295,8.36867364920588,3.45334947870588
"742",20184,0.405093048819735,9.45680944097059,3.58503553764706
"743",20217,0.473848953452383,9.904036169,3.15998798888235
"744",20256,0.7785509907952,11.4190322093529,3.64348495629412
"745",20258,0.64971557885708,11.3452596426176,3.72825161594118
"746",20336,0.831594496230517,11.3423982002059,3.66016005082353
"747",20361,0.576260947014975,9.19611563220588,3.31534210105882
"748",20414,0.565892097155443,10.9393916815294,3.89557131858824
"749",20418,0.835137949062315,11.3761010912059,3.63801511435294
"750",20554,0.657362087836598,10.9989083697353,3.10770834770588
"751",20583,0.808539384809575,11.3207792366765,3.70838761041176
"752",20600,0.19938639559255,8.99237208464706,3.53868923617647
"753",20644,0.539612115583227,10.7392484517059,3.33856029911765
"754",20645,0.594259358953157,10.8039646590588,3.32407030605882
"755",20666,0.630528539155752,10.7432804496176,3.87459560770588
"756",20731,0.493423341747297,10.3975583672941,3.49560517658824
"757",20739,0.455620063431073,9.20615034341176,3.82557851682353
"758",20747,0.446280429650433,10.3988574834412,3.936521712
"759",20753,0.592411992315661,10.7823402967647,3.84232504523529
"760",20756,0.506482759378841,10.9151336191765,3.80808833405882
"761",20835,0.428781872699682,10.3067881652059,4.02467798664706
"762",20858,0.225618401210729,8.58000231661765,3.57279695129412
"763",20899,0.491515072246751,10.7823772886471,3.34990176664706
"764",21176,0.635920928827288,10.6348101711765,3.80103374647059
"765",21179,0.492651114328986,10.7380777277353,3.66799329382353
"766",21181,0.433503085748471,10.7161542881471,3.66125315894118
"767",21245,0.497524362771366,9.96827111291176,3.49211349711765
"768",21252,0.379046299287818,8.66750052420588,3.91149070082353
"769",21254,0.434498524174562,8.39878070135294,4.107233057
"770",21263,0.390363451658303,10.6611688326471,3.622125705
"771",21331,0.394970860441493,8.64729215008824,3.80717441423529
"772",21332,0.362124432813629,8.40374048755882,3.84141649952941
"773",21333,0.320726067323241,8.46940848144118,3.80980181964706
"774",21336,0.368657183406472,8.58695369432353,3.86202540770588
"775",21350,0.486046686678114,10.5983391230294,3.68737337829412
"776",21419,0.284505600877292,8.06959641629412,3.87619297629412
"777",21433,0.406943278308573,10.4182281890588,3.61193907341176
"778",21493,0.0590318741220403,7.35006006055882,3.93332671823529
"779",21581,0.490419454493287,9.14558198776471,3.68569125382353
"780",21844,0.332103993539049,8.86626005997059,3.85366146358824
"781",21908,0.407855050891845,9.972964068,3.16096014223529
"782",21913,0.59798969214755,8.98677911879412,3.51287055017647
"783",22058,0.403505381345328,8.43938472373529,3.02917855194118
"784",22140,0.430287273500819,8.61206416485294,2.97188550447059
"785",22142,0.340996441167944,8.89701319717647,2.99888354158824
"786",22370,0.509186343113674,8.10024233926471,2.87556649182353
"787",22600,0.417339588788552,10.4003566799412,3.52662077841176
"788",22638,0.382834052812851,8.33216279755882,2.77311037776471
"789",22665,0.308381048133172,7.93426812238235,3.74435161341176
"790",22734,0.402987054990529,8.79991865311765,3.19357058858824
"791",22766,0.216947567528205,8.57295356347059,4.42019309241176
"792",22852,0.392947334895309,10.2483156908235,3.73098664211765
"793",22853,0.573741468747195,10.3846346578529,3.65132980005882
"794",22903,0.704354234388593,9.08415815726471,3.05650146941176
"795",22904,0.691474120351522,8.94770702488235,3.13150495782353
"796",23032,0.192148116058228,8.01072861841176,2.97257844076471
"797",23055,0.210395047136265,7.53337127782353,3.08750187194118
"798",23129,0.484086656183074,9.34087935814706,2.53086869641176
"799",23208,0.396594342021549,8.22552412755882,2.99727450417647
"800",23209,0.359138628951984,8.05672902652941,3.16518789547059
"801",23249,0.468389098305773,7.93944795523529,3.38346810194118
"802",23255,0.305517892331719,9.04136953411765,2.62906784276471
"803",23276,0.425816621535063,7.93538199838235,2.919849846
"804",23278,0.425697873351931,8.26027169608824,2.84527801441176
"805",23279,0.457555701911665,9.06919667647059,2.59493823970588
"806",23280,0.494279874347635,8.52014546341177,2.84887817358824
"807",23281,0.417939361975048,8.40944853058824,2.977933438
"808",23282,0.413474845223339,8.27468821355882,3.10557663764706
"809",23352,0.555477569703732,9.00987309294118,2.64523496564706
"810",23353,0.669530669510316,9.11594164273529,2.63263864552941
"811",23354,0.461965688772199,8.28853723832353,3.00558330111765
"812",23355,0.39670208356168,7.95742175608824,3.19872429988235
"813",23422,0.492127975365596,8.87779501829412,2.68385535464706
"814",23423,0.469952178863216,9.48886724855882,2.51654900958824
"815",23424,0.569179826036262,8.62085836923529,2.83510561941176
"816",23425,0.475729021730327,8.36499261126471,2.97904728994118
"817",23493,0.431749243226453,9.4991452295,2.50477325423529
"818",23494,0.398459022850148,9.58256115302941,2.49054077311765
"819",23495,0.532735066590238,9.15903370485294,2.65725640652941
"820",23569,0.479049836707284,8.06929613261765,3.21861116258824
"821",23635,0.62125310151159,8.08338594973529,3.25545528941176
"822",23697,0.219045743579938,7.36890617247059,3.64354176952941
"823",23872,0.392034107207141,9.00268057994118,3.11337449888235
"824",23884,0.357558006949588,7.48685637958824,3.44911410129412
"825",23893,0.509956251522911,8.082911153,3.26387540429412
"826",23976,0.31639305250146,6.98438870273529,3.63371838847059
